Name,List,Image,Animation,Video,Table,Github,Links,Project,Inline,Code,repository_ID,fullname_x,URL,created_date_x,language,description,number_of_stars,num_of_forks,num_of_watchers,open_issue_count,repo_id,repository,community,downloads,releases,assets,commits,open_issues,closed_issues,total_issues,open_prs,closed_prs,total_prs,readme_issues,readme_commits,fullname_y,created_date_y,days,download_score,community_score,assets_score,releases_score,commits_score,avg_assets_release,progress_score,Label
public-apis/public-apis,51,0,0,8,0,106,1420,2,748,0.0,54346799,public-apis/public-apis,https://github.com/public-apis/public-apis,2016-03-20 23:49:42,Python,,169389,19529,169389,4,0,public-apis/public-apis,1378,0,2,0,4478,3,360,363,7,2639,2646,0,3467,public-apis/public-apis,2016-03-20 23:49:42,2210,0.0,0.6235294118,0.0,0.0009049774,2.0262443439,0.0,2.0271493213,0
donnemartin/system-design-primer,422,39,0,3,0,22,301,0,14,9.0,83222441,donnemartin/system-design-primer,https://github.com/donnemartin/system-design-primer,2017-02-26 16:15:28,Python,,152515,28185,152515,274,1,donnemartin/system-design-primer,115,0,2,0,323,147,63,210,143,256,399,8,197,donnemartin/system-design-primer,2017-02-26 16:15:28,1867,0.0,0.0615961435,0.0,0.0010712373,0.1730048206,0.0,0.1740760579,0
TheAlgorithms/Python,0,1,0,0,0,7,12,0,0,0.0,63476337,TheAlgorithms/Python,https://github.com/TheAlgorithms/Python,2016-07-16 09:44:01,Python,,125028,33349,125028,228,2,TheAlgorithms/Python,836,0,2,0,2392,31,916,947,222,4730,4952,1,73,TheAlgorithms/Python,2016-07-16 09:44:01,2092,0.0,0.3996175908,0.0,0.0009560229,1.1434034417,0.0,1.1443594646000002,0
jackfrued/Python-100-Days,275,2,0,1,0,1,10,0,34,2.0,123458551,jackfrued/Python-100-Days,https://github.com/jackfrued/Python-100-Days,2018-03-01 16:05:52,Python,,112745,43903,112745,605,3,jackfrued/Python-100-Days,15,0,2,0,365,450,93,543,176,103,279,0,106,jackfrued/Python-100-Days,2018-03-01 16:05:52,1499,0.0,0.0100066711,0.0,0.0013342228,0.2434956638,0.0,0.24482988660000002,0
tensorflow/models,0,2,0,0,0,3,4,0,1,1.0,51117837,tensorflow/models,https://github.com/tensorflow/models,2016-02-05 01:15:20,Python,,72140,45201,72140,1309,4,tensorflow/models,904,0,2,0,7814,1135,5669,6804,173,3410,3583,0,62,tensorflow/models,2016-02-05 01:15:20,2254,0.0,0.4010647737,0.0,0.0008873114,3.4667258208,0.0,3.4676131322,0
nvbn/thefuck,209,0,0,0,0,6,9,0,216,22.0,33614304,nvbn/thefuck,https://github.com/nvbn/thefuck,2015-04-08 15:08:04,Python,,64961,3005,64961,234,5,nvbn/thefuck,190,0,2,0,1624,194,434,628,55,557,612,10,392,nvbn/thefuck,2015-04-08 15:08:04,2557,0.0,0.0743058271,0.0,0.0007821666,0.6351192804,0.0,0.635901447,0
django/django,9,0,0,0,0,0,0,0,11,0.0,4164482,django/django,https://github.com/django/django,2012-04-28 02:47:18,Python,,61021,26066,61021,159,6,django/django,2658,0,2,0,30560,0,0,0,155,15231,15386,0,14,django/django,2012-04-28 02:47:18,3632,0.0,0.7318281938,0.0,0.0005506608,8.4140969163,0.0,8.4146475771,0
pallets/flask,8,0,0,0,0,0,0,0,5,0.0,596892,pallets/flask,https://github.com/pallets/flask,2010-04-06 11:11:59,Python,,57290,14729,57290,38,7,pallets/flask,774,600,16,18,4564,14,2257,2271,1,2096,2097,0,24,pallets/flask,2010-04-06 11:11:59,4385,0.1368301026,0.1765108324,0.0041049031,0.0036488027,1.0408209806,1.125,2.1694697833,0
huggingface/transformers,107,1,0,0,0,13,129,0,9,7.0,155220641,huggingface/transformers,https://github.com/huggingface/transformers,2018-10-29 13:56:00,Python,,55053,13012,55053,422,8,huggingface/transformers,1184,0,2,0,9159,352,8465,8817,117,7040,7157,0,451,huggingface/transformers,2018-10-29 13:56:00,1257,0.0,0.9419252188,0.0,0.0015910899,7.2863961814,0.0,7.2879872713,0
keras-team/keras,13,1,0,0,0,8,19,0,11,8.0,33015583,keras-team/keras,https://github.com/keras-team/keras,2015-03-28 00:35:42,Python,,53351,18915,53351,257,9,keras-team/keras,1055,0,2,0,6594,241,10899,11140,54,4969,5023,0,92,keras-team/keras,2015-03-28 00:35:42,2568,0.0,0.4108255452,0.0,0.0007788162,2.5677570093,0.0,2.5685358255,0
httpie/httpie,17,7,1,0,0,5,22,0,3,4.0,3544424,httpie/httpie,https://github.com/httpie/httpie,2012-02-25 12:39:13,Python,,52929,3422,52929,132,10,httpie/httpie,146,0,2,0,1670,94,646,740,2,483,485,0,33,httpie/httpie,2012-02-25 12:39:13,3695,0.0,0.0395128552,0.0,0.000541272,0.451962111,0.0,0.452503383,0
josephmisiti/awesome-machine-learning,1108,2,0,6,0,768,1060,15,7,0.0,21872392,josephmisiti/awesome-machine-learning,https://github.com/josephmisiti/awesome-machine-learning,2014-07-15 19:11:19,Python,,52020,12885,52020,1,11,josephmisiti/awesome-machine-learning,561,0,2,0,1695,1,72,73,3,751,754,0,1001,josephmisiti/awesome-machine-learning,2014-07-15 19:11:19,2824,0.0,0.1986543909,0.0,0.0007082153,0.6002124646,0.0,0.6009206799,0
521xueweihan/HelloGitHub,0,5,1,0,0,4,11,0,0,0.0,58028038,521xueweihan/HelloGitHub,https://github.com/521xueweihan/HelloGitHub,2016-05-04 06:24:11,Python,,49222,7115,49222,15,12,521xueweihan/HelloGitHub,8,19,16,1,121,9,2042,2051,1,27,28,0,79,521xueweihan/HelloGitHub,2016-05-04 06:24:11,2165,0.0087759815,0.0036951501,0.0004618938,0.0073903002,0.0558891455,0.0625,0.1257794457,0
scikit-learn/scikit-learn,18,0,0,0,0,0,1,0,11,0.0,843222,scikit-learn/scikit-learn,https://github.com/scikit-learn/scikit-learn,2010-08-17 09:43:38,Python,,48153,22354,48153,2476,13,scikit-learn/scikit-learn,2569,647,26,4,28005,1665,7552,9217,768,12238,13006,1,154,scikit-learn/scikit-learn,2010-08-17 09:43:38,4252,0.1521636877,0.6041862653,0.0009407338,0.0061147695,6.5863123236,0.1538461538,6.7462732468999995,0
home-assistant/core,0,0,0,0,0,0,2,0,5,0.0,12888993,home-assistant/core,https://github.com/home-assistant/core,2013-09-17 07:29:48,Python,,47963,16022,47963,1412,14,home-assistant/core,3136,0,2,0,47011,1320,26067,27387,391,39724,40115,0,26,home-assistant/core,2013-09-17 07:29:48,3125,0.0,1.00352,0.0,0.00064,15.04352,0.0,15.04416,0
psf/requests,13,5,0,0,0,3,8,0,4,4.0,1362490,psf/requests,https://github.com/psf/requests,2011-02-13 18:38:17,Python,,46506,8562,46506,232,15,psf/requests,723,180,2,4,6105,166,3376,3542,51,2188,2239,1,168,psf/requests,2011-02-13 18:38:17,4072,0.0442043222,0.1775540275,0.0009823183,0.0004911591,1.4992632613,2.0,3.4997544204000004,0
soimort/you-get,30,4,0,7,0,13,101,0,36,19.5,5483330,soimort/you-get,https://github.com/soimort/you-get,2012-08-20 15:53:36,Python,,42502,8651,42502,378,16,soimort/you-get,240,48978,30,120,2421,0,0,0,123,863,986,0,166,soimort/you-get,2012-08-20 15:53:36,3518,13.922114838,0.0682205799,0.0341102899,0.0085275725,0.6881750995,4.0,4.696702672,0
ageitgey/face_recognition,62,11,2,5,0,61,82,1,63,15.5,83844720,ageitgey/face_recognition,https://github.com/ageitgey/face_recognition,2017-03-03 21:52:39,Python,,42375,11797,42375,664,17,ageitgey/face_recognition,47,455,2,1,219,649,558,1207,30,160,190,0,65,ageitgey/face_recognition,2017-03-03 21:52:39,1862,0.2443609023,0.0252416756,0.0005370569,0.0010741139,0.1176154672,0.5,0.6186895811,0
scrapy/scrapy,2,0,0,0,0,0,0,0,1,0.0,529502,scrapy/scrapy,https://github.com/scrapy/scrapy,2010-02-22 02:01:14,Python,,42266,9425,42266,804,18,scrapy/scrapy,536,0,2,0,9113,501,2093,2594,274,2508,2782,5,42,scrapy/scrapy,2010-02-22 02:01:14,4428,0.0,0.1210478771,0.0,0.0004516712,2.0580397471,0.0,2.0584914183,0
python/cpython,6,0,0,0,0,6,9,0,33,0.0,81598961,python/cpython,https://github.com/python/cpython,2017-02-10 19:23:51,Python,,41581,21056,41581,1493,19,python/cpython,1986,0,2,0,112571,0,0,0,1578,30063,31641,0,83,python/cpython,2017-02-10 19:23:51,1883,0.0,1.0546999469,0.0,0.0010621349,59.7827934148,0.0,59.7838555497,0
deepfakes/faceswap,56,11,2,1,0,1,16,0,6,0.0,114747226,deepfakes/faceswap,https://github.com/deepfakes/faceswap,2017-12-19 09:44:13,Python,,39731,11369,39731,19,20,deepfakes/faceswap,91,340466,3,4,1411,22,710,732,2,467,469,0,56,deepfakes/faceswap,2017-12-19 09:44:13,1571,216.7192870783,0.0579248886,0.0025461489,0.0019096117,0.898154042,1.3333333333,2.233396987,0
3b1b/manim,14,5,0,4,0,9,17,2,9,6.0,32689863,3b1b/manim,https://github.com/3b1b/manim,2015-03-22 18:50:58,Python,,39457,4482,39457,325,21,3b1b/manim,163,38,8,6,4444,317,625,942,7,678,685,0,109,3b1b/manim,2015-03-22 18:50:58,2574,0.0147630148,0.0633255633,0.0023310023,0.0031080031,1.7264957265,0.75,2.4796037296,0
tiangolo/fastapi,51,16,0,1,0,11,49,0,33,12.0,160919119,tiangolo/fastapi,https://github.com/tiangolo/fastapi,2018-12-08 08:21:47,Python,,39025,2890,39025,1259,22,tiangolo/fastapi,296,0,2,0,1980,952,1781,2733,487,1077,1564,0,63,tiangolo/fastapi,2018-12-08 08:21:47,1217,0.0,0.2432210353,0.0,0.0016433854,1.6269515201,0.0,1.6285949055,0
localstack/localstack,121,23,0,0,0,19,63,2,165,36.0,71948498,localstack/localstack,https://github.com/localstack/localstack,2016-10-25 23:48:03,Python,,37506,2829,37506,358,23,localstack/localstack,458,0,2,0,2970,348,3000,3348,21,2207,2228,0,325,localstack/localstack,2016-10-25 23:48:03,1991,0.0,0.2300351582,0.0,0.0010045203,1.4917127072,0.0,1.4927172275,0
fighting41love/funNLP,144,0,0,1,1,360,434,1,0,31.0,145553672,fighting41love/funNLP,https://github.com/fighting41love/funNLP,2018-08-21 11:20:39,Python,,35228,10199,35228,21,24,fighting41love/funNLP,10,0,2,0,124,16,29,45,5,13,18,0,94,fighting41love/funNLP,2018-08-21 11:20:39,1326,0.0,0.0075414781,0.0,0.0015082956,0.0935143288,0.0,0.0950226244,1
shadowsocks/shadowsocks,0,0,0,0,0,0,0,0,0,0.0,4086616,shadowsocks/shadowsocks,https://github.com/shadowsocks/shadowsocks,2012-04-20 13:10:49,Python,,33085,19468,33085,447,25,shadowsocks/shadowsocks,1,0,2,0,1,0,0,0,15,140,155,0,1,shadowsocks/shadowsocks,2012-04-20 13:10:49,3640,0.0,0.0002747253,0.0,0.0005494505,0.0002747253,0.0,0.0008241758,1
0voice/interview_internal_reference,20,1,0,0,0,26,26,0,0,0.0,191113739,0voice/interview_internal_reference,https://github.com/0voice/interview_internal_reference,2019-06-10 06:54:19,Python,,32907,8917,32907,28,26,0voice/interview_internal_reference,31,0,2,0,339,26,18,44,3,41,44,0,94,0voice/interview_internal_reference,2019-06-10 06:54:19,1033,0.0,0.0300096805,0.0,0.0019361084,0.3281703775,0.0,0.3301064859,0
isocpp/CppCoreGuidelines,0,1,0,0,0,3,6,0,0,0.0,41058054,isocpp/CppCoreGuidelines,https://github.com/isocpp/CppCoreGuidelines,2015-08-19 20:22:52,Python,,32481,4391,32481,194,27,isocpp/CppCoreGuidelines,330,0,2,0,2013,188,779,967,9,894,903,0,25,isocpp/CppCoreGuidelines,2015-08-19 20:22:52,2424,0.0,0.1361386139,0.0,0.0008250825,0.8304455446,0.0,0.8312706271,0
swisskyrepo/PayloadsAllTheThings,24,2,0,1,0,22,22,0,2,0.0,71220757,swisskyrepo/PayloadsAllTheThings,https://github.com/swisskyrepo/PayloadsAllTheThings,2016-10-18 07:29:07,Python,,32463,8913,32463,19,28,swisskyrepo/PayloadsAllTheThings,205,0,2,0,1352,0,0,0,9,389,398,0,56,swisskyrepo/PayloadsAllTheThings,2016-10-18 07:29:07,1998,0.0,0.1026026026,0.0,0.001001001,0.6766766767,0.0,0.6776776777,0
apachecn/AiLearning,130,6,0,0,0,38,96,0,1,4.0,83119431,apachecn/AiLearning,https://github.com/apachecn/AiLearning,2017-02-25 08:53:02,Python,,32180,10612,32180,3,29,apachecn/AiLearning,9,0,2,0,207,2,100,102,0,520,520,0,36,apachecn/AiLearning,2017-02-25 08:53:02,1868,0.0,0.0048179872,0.0,0.0010706638,0.1108137045,0.0,0.1118843683,1
CorentinJ/Real-Time-Voice-Cloning,5,1,0,0,0,7,15,1,8,0.0,188660663,CorentinJ/Real-Time-Voice-Cloning,https://github.com/CorentinJ/Real-Time-Voice-Cloning,2019-05-26 08:56:15,Python,,31514,5774,31514,42,30,CorentinJ/Real-Time-Voice-Cloning,18,0,2,0,294,38,817,855,0,109,109,0,89,CorentinJ/Real-Time-Voice-Cloning,2019-05-26 08:56:15,1048,0.0,0.0171755725,0.0,0.0019083969,0.2805343511,0.0,0.282442748,0
willmcgugan/rich,14,26,5,1,0,30,57,0,14,19.0,220809393,willmcgugan/rich,https://github.com/willmcgugan/rich,2019-11-10 15:28:09,Python,,31336,1016,31336,31,31,willmcgugan/rich,168,0,2,0,2872,0,0,0,0,0,0,0,130,willmcgugan/rich,2019-11-10 15:28:09,880,0.0,0.1909090909,0.0,0.0022727273,3.2636363636,0.0,3.2659090908999997,0
floodsung/Deep-Learning-Papers-Reading-Roadmap,4,0,0,0,0,0,133,0,0,0.0,70905478,floodsung/Deep-Learning-Papers-Reading-Roadmap,https://github.com/floodsung/Deep-Learning-Papers-Reading-Roadmap,2016-10-14 11:49:48,Python,,30949,6665,30949,86,32,floodsung/Deep-Learning-Papers-Reading-Roadmap,30,0,2,0,114,43,4,47,40,47,87,1,75,floodsung/Deep-Learning-Papers-Reading-Roadmap,2016-10-14 11:49:48,2002,0.0,0.014985015,0.0,0.000999001,0.0569430569,0.0,0.057942057899999996,1
XX-net/XX-Net,5,0,0,0,0,4,4,0,0,0.0,29290473,XX-net/XX-Net,https://github.com/XX-net/XX-Net,2015-01-15 09:35:51,Python,,30940,7812,30940,7733,33,XX-net/XX-Net,90,56039,30,66,2298,7773,5181,12954,1,452,453,1,300,XX-net/XX-Net,2015-01-15 09:35:51,2640,21.2268939394,0.0340909091,0.025,0.0113636364,0.8704545455,2.2,3.0818181819,0
testerSunshine/12306,42,1,0,0,0,9,9,0,0,7.0,91573538,testerSunshine/12306,https://github.com/testerSunshine/12306,2017-05-17 12:23:40,Python,,30328,9427,30328,265,34,testerSunshine/12306,33,0,2,0,435,209,465,674,61,80,141,3,100,testerSunshine/12306,2017-05-17 12:23:40,1787,0.0,0.018466704,0.0,0.0011191942,0.2434247342,0.0,0.2445439284,0
iperov/DeepFaceLab,0,36,0,5,0,6,35,0,0,0.0,136026789,iperov/DeepFaceLab,https://github.com/iperov/DeepFaceLab,2018-06-04 13:10:00,Python,,30110,6771,30110,361,35,iperov/DeepFaceLab,21,77086,2,2,1303,400,724,1124,0,106,106,0,281,iperov/DeepFaceLab,2018-06-04 13:10:00,1404,54.9045584046,0.014957265,0.0014245014,0.0014245014,0.9280626781,1.0,1.9294871795,0
google-research/bert,50,0,0,0,0,13,58,0,98,25.0,154747577,google-research/bert,https://github.com/google-research/bert,2018-10-25 22:57:34,Python,,29853,8395,29853,831,36,google-research/bert,32,0,2,0,111,752,343,1095,89,95,184,0,31,google-research/bert,2018-10-25 22:57:34,1261,0.0,0.0253766852,0.0,0.0015860428,0.0880253767,0.0,0.08961141950000001,1
faif/python-patterns,0,1,0,0,0,1,7,0,4,0.0,4578002,faif/python-patterns,https://github.com/faif/python-patterns,2012-06-06 21:02:35,Python,,29775,6078,29775,12,37,faif/python-patterns,127,0,2,0,806,11,65,76,0,304,304,2,45,faif/python-patterns,2012-06-06 21:02:35,3593,0.0,0.0353465071,0.0,0.0005566379,0.2243250765,0.0,0.2248817144,0
getsentry/sentry,25,3,0,0,0,20,26,0,0,0.0,873328,getsentry/sentry,https://github.com/getsentry/sentry,2010-08-30 22:06:41,Python,,29579,3289,29579,424,38,getsentry/sentry,686,2100,30,45,41443,323,4548,4871,140,27108,27248,0,9,getsentry/sentry,2010-08-30 22:06:41,4239,0.4953998585,0.1618306204,0.0106157113,0.0070771408,9.7765982543,1.5,11.2836753951,0
d2l-ai/d2l-zh,5,6,1,0,0,3,6,0,0,1.0,101138315,d2l-ai/d2l-zh,https://github.com/d2l-ai/d2l-zh,2017-08-23 04:40:24,Python,,28447,6702,28447,8,39,d2l-ai/d2l-zh,235,11483,14,9,3922,0,0,0,16,1072,1088,0,156,d2l-ai/d2l-zh,2017-08-23 04:40:24,1689,6.7986974541,0.1391355832,0.0053285968,0.0082889284,2.3220840734,0.6428571429,2.9732301447,0
sherlock-project/sherlock,2,11,1,0,0,7,13,7,10,12.0,162998479,sherlock-project/sherlock,https://github.com/sherlock-project/sherlock,2018-12-24 14:30:48,Python,,28386,3062,28386,126,40,sherlock-project/sherlock,159,0,2,0,1633,74,516,590,64,537,601,1,187,sherlock-project/sherlock,2018-12-24 14:30:48,1201,0.0,0.1323896753,0.0,0.0016652789,1.3597002498,0.0,1.3613655287,0
satwikkansal/wtfpython,288,4,0,0,0,17,70,1,235,260.0,101684374,satwikkansal/wtfpython,https://github.com/satwikkansal/wtfpython,2017-08-28 20:22:19,Python,,27724,2330,27724,56,41,satwikkansal/wtfpython,71,0,2,0,485,45,112,157,15,103,118,16,310,satwikkansal/wtfpython,2017-08-28 20:22:19,1684,0.0,0.0421615202,0.0,0.0011876485,0.2880047506,0.0,0.28919239910000005,0
chubin/cheat.sh,96,20,7,0,0,23,29,0,115,37.0,90563585,chubin/cheat.sh,https://github.com/chubin/cheat.sh,2017-05-07 21:40:56,Python,,27713,1385,27713,86,42,chubin/cheat.sh,60,0,2,0,892,90,103,193,3,132,135,13,159,chubin/cheat.sh,2017-05-07 21:40:56,1797,0.0,0.0333889816,0.0,0.0011129661,0.4963828603,0.0,0.4974958264,0
fxsjy/jieba,150,0,0,0,0,1,3,0,56,16.0,6007295,fxsjy/jieba,https://github.com/fxsjy/jieba,2012-09-29 07:52:01,Python,,27457,6425,27457,627,43,fxsjy/jieba,51,0,2,0,523,584,209,793,49,108,157,0,114,fxsjy/jieba,2012-09-29 07:52:01,3478,0.0,0.0146635998,0.0,0.0005750431,0.150373778,0.0,0.15094882110000002,0
openai/gym,4,0,0,0,0,6,6,0,3,2.0,57222302,openai/gym,https://github.com/openai/gym,2016-04-27 14:59:16,Python,,25845,7411,25845,118,44,openai/gym,365,0,2,0,1533,99,1407,1506,11,1153,1164,0,27,openai/gym,2016-04-27 14:59:16,2172,0.0,0.1680478821,0.0,0.0009208103,0.705801105,0.0,0.7067219153000001,0
gto76/python-cheatsheet,213,3,1,0,0,1,3,0,148,349.0,118861276,gto76/python-cheatsheet,https://github.com/gto76/python-cheatsheet,2018-01-25 04:16:53,Python,,25771,4785,25771,29,45,gto76/python-cheatsheet,12,0,2,0,2188,5,35,40,28,47,75,0,1911,gto76/python-cheatsheet,2018-01-25 04:16:53,1534,0.0,0.0078226858,0.0,0.001303781,1.4263363755,0.0,1.4276401565,0
mitmproxy/mitmproxy,0,10,0,0,0,2,11,0,3,0.0,519832,mitmproxy/mitmproxy,https://github.com/mitmproxy/mitmproxy,2010-02-16 04:10:13,Python,,25383,3146,25383,258,46,mitmproxy/mitmproxy,449,78338,30,110,9655,256,2509,2765,35,2218,2253,0,5,mitmproxy/mitmproxy,2010-02-16 04:10:13,4434,17.6675687866,0.101262968,0.0248082995,0.0067658999,2.1774921065,3.6666666667,5.8509246731,0
facebookresearch/Detectron,24,1,0,0,0,3,27,0,4,1.0,105919803,facebookresearch/Detectron,https://github.com/facebookresearch/Detectron,2017-10-05 17:32:00,Python,,24849,5390,24849,322,47,facebookresearch/Detectron,40,0,2,0,141,300,614,914,22,77,99,0,5,facebookresearch/Detectron,2017-10-05 17:32:00,1646,0.0,0.0243013366,0.0,0.0012150668,0.0856622114,0.0,0.08687727819999999,1
hankcs/HanLP,3,1,1,0,0,8,16,0,7,12.0,24976755,hankcs/HanLP,https://github.com/hankcs/HanLP,2014-10-09 06:36:16,Python,,24520,6496,24520,5,48,hankcs/HanLP,45,127997,30,29,1625,2,1316,1318,2,115,117,5,156,hankcs/HanLP,2014-10-09 06:36:16,2738,46.7483564646,0.0164353543,0.0105916728,0.0109569028,0.5934989043,0.9666666667,1.5711224738,0
geekcomputers/Python,42,0,0,2,0,37,41,0,3,0.0,2881789,geekcomputers/Python,https://github.com/geekcomputers/Python,2011-11-30 09:04:08,Python,,24273,10527,24273,211,49,geekcomputers/Python,678,0,2,0,2624,151,94,245,76,1115,1191,0,81,geekcomputers/Python,2011-11-30 09:04:08,3782,0.0,0.1792702274,0.0,0.0005288207,0.6938127975,0.0,0.6943416182000001,0
donnemartin/interactive-coding-challenges,104,25,4,0,0,59,217,0,0,3.0,34757182,donnemartin/interactive-coding-challenges,https://github.com/donnemartin/interactive-coding-challenges,2015-04-28 21:36:39,Python,,24219,3936,24219,66,50,donnemartin/interactive-coding-challenges,45,0,2,0,790,33,29,62,34,199,233,1,189,donnemartin/interactive-coding-challenges,2015-04-28 21:36:39,2537,0.0,0.0177374852,0.0,0.0007883327,0.3113914072,0.0,0.31217973990000003,0
trailofbits/algo,59,6,1,0,0,5,24,0,18,10.0,58842707,trailofbits/algo,https://github.com/trailofbits/algo,2016-05-15 03:42:48,Python,,24202,1981,24202,120,51,trailofbits/algo,173,0,2,0,1111,100,1372,1472,11,611,622,14,227,trailofbits/algo,2016-05-15 03:42:48,2154,0.0,0.0803156917,0.0,0.0009285051,0.5157845868,0.0,0.5167130918999999,0
apache/airflow,47,20,0,0,0,13,53,2,16,2.0,33884891,apache/airflow,https://github.com/apache/airflow,2015-04-13 18:04:58,Python,,23959,9682,23959,992,52,apache/airflow,2360,253897,30,174,15335,757,4298,5055,128,15563,15691,8,614,apache/airflow,2015-04-13 18:04:58,2552,99.4894200627,0.9247648903,0.0681818182,0.0117554859,6.0090125392,5.8,11.8207680251,0
0xAX/linux-insides,11,2,0,0,0,10,14,0,3,4.0,28751632,0xAX/linux-insides,https://github.com/0xAX/linux-insides,2015-01-03 18:44:57,Python,,23927,2778,23927,51,53,0xAX/linux-insides,325,0,2,0,1830,41,132,173,11,595,606,0,51,0xAX/linux-insides,2015-01-03 18:44:57,2652,0.0,0.1225490196,0.0,0.0007541478,0.6900452489,0.0,0.6907993967,0
psf/black,9,12,0,1,0,7,33,0,12,4.0,125266328,psf/black,https://github.com/psf/black,2018-03-14 19:54:45,Python,,23815,1534,23815,346,54,psf/black,319,19370,19,42,1285,297,1557,1854,20,1017,1037,10,380,psf/black,2018-03-14 19:54:45,1486,13.0349932705,0.2146702557,0.0282637954,0.0127860027,0.8647375505,2.2105263158,3.0880498690000002,0
pypa/pipenv,22,6,1,0,0,2,10,0,27,0.0,79510167,pypa/pipenv,https://github.com/pypa/pipenv,2017-01-20 00:44:02,Python,,22497,1689,22497,586,55,pypa/pipenv,435,0,2,0,7305,494,3083,3577,32,1331,1363,1,40,pypa/pipenv,2017-01-20 00:44:02,1904,0.0,0.2284663866,0.0,0.0010504202,3.8366596639,0.0,3.8377100841,0
yunjey/pytorch-tutorial,16,1,0,0,0,15,17,0,0,1.0,84533158,yunjey/pytorch-tutorial,https://github.com/yunjey/pytorch-tutorial,2017-03-10 07:41:47,Python,,22329,6891,22329,84,56,yunjey/pytorch-tutorial,29,0,2,0,173,62,112,174,22,41,63,0,36,yunjey/pytorch-tutorial,2017-03-10 07:41:47,1855,0.0,0.0156334232,0.0,0.0010781671,0.0932614555,0.0,0.0943396226,1
encode/django-rest-framework,7,0,0,0,0,0,1,0,7,2.0,1431547,encode/django-rest-framework,https://github.com/encode/django-rest-framework,2011-03-02 17:13:56,Python,,22311,5963,22311,261,57,encode/django-rest-framework,1271,0,2,0,8510,113,3609,3722,124,4154,4278,4,197,encode/django-rest-framework,2011-03-02 17:13:56,4055,0.0,0.3134401973,0.0,0.0004932182,2.0986436498,0.0,2.099136868,0
littlecodersh/ItChat,8,0,0,0,0,0,0,0,15,15.0,49935814,littlecodersh/ItChat,https://github.com/littlecodersh/ItChat,2016-01-19 07:49:48,Python,,21903,5181,21903,243,58,littlecodersh/ItChat,18,428,13,10,188,233,607,840,14,90,104,0,60,littlecodersh/ItChat,2016-01-19 07:49:48,2271,0.1884632321,0.0079260238,0.0044033465,0.0057243505,0.082782915,0.7692307692,0.8577380347,0
donnemartin/data-science-ipython-notebooks,44,17,1,0,0,24,149,1,1,0.0,29749635,donnemartin/data-science-ipython-notebooks,https://github.com/donnemartin/data-science-ipython-notebooks,2015-01-23 19:38:29,Python,,21900,6833,21900,22,59,donnemartin/data-science-ipython-notebooks,13,0,2,0,543,10,21,31,12,41,53,1,187,donnemartin/data-science-ipython-notebooks,2015-01-23 19:38:29,2632,0.0,0.0049392097,0.0,0.0007598784,0.2063069909,0.0,0.20706686929999998,0
explosion/spaCy,16,10,0,0,0,10,32,1,15,10.0,21467110,explosion/spaCy,https://github.com/explosion/spaCy,2014-07-03 15:15:40,Python,,21873,3644,21873,101,60,explosion/spaCy,682,0,2,0,15339,79,4969,5048,20,2953,2973,8,111,explosion/spaCy,2014-07-03 15:15:40,2836,0.0,0.2404795487,0.0,0.0007052186,5.408674189,0.0,5.4093794076,0
matterport/Mask_RCNN,28,19,4,1,0,8,24,1,8,6.0,107595270,matterport/Mask_RCNN,https://github.com/matterport/Mask_RCNN,2017-10-19 20:28:34,Python,,20993,10314,20993,1794,61,matterport/Mask_RCNN,48,1031184,3,4,203,1720,802,2522,109,148,257,1,24,matterport/Mask_RCNN,2017-10-19 20:28:34,1632,631.8529411765,0.0294117647,0.0024509804,0.0018382353,0.1243872549,1.3333333333,1.4595588234999999,0
beurtschipper/Depix,14,3,0,0,0,1,5,0,2,5.0,319029846,beurtschipper/Depix,https://github.com/beurtschipper/Depix,2020-12-06 12:39:08,Python,,20851,2470,20851,5,62,beurtschipper/Depix,10,0,2,0,38,0,0,0,2,22,24,0,19,beurtschipper/Depix,2020-12-06 12:39:08,488,0.0,0.0204918033,0.0,0.0040983607,0.0778688525,0.0,0.0819672132,1
eriklindernoren/ML-From-Scratch,43,0,4,0,0,0,1,0,0,0.0,80990461,eriklindernoren/ML-From-Scratch,https://github.com/eriklindernoren/ML-From-Scratch,2017-02-05 12:11:23,Python,,20594,4061,20594,45,63,eriklindernoren/ML-From-Scratch,10,0,2,0,374,28,36,64,17,14,31,0,153,eriklindernoren/ML-From-Scratch,2017-02-05 12:11:23,1888,0.0,0.0052966102,0.0,0.001059322,0.1980932203,0.0,0.1991525423,0
tornadoweb/tornado,0,0,0,0,0,1,2,0,3,0.0,301742,tornadoweb/tornado,https://github.com/tornadoweb/tornado,2009-09-09 04:55:16,Python,,20296,5425,20296,254,64,tornadoweb/tornado,435,0,2,0,4395,202,1507,1709,32,1360,1392,0,20,tornadoweb/tornado,2009-09-09 04:55:16,4594,0.0,0.0946887244,0.0,0.0004353505,0.9566826295,0.0,0.95711798,0
tqdm/tqdm,86,0,7,0,0,0,0,0,181,0.0,36804486,tqdm/tqdm,https://github.com/tqdm/tqdm,2015-06-03 13:13:14,Python,,20215,1050,20215,326,65,tqdm/tqdm,115,1023,30,60,1906,274,544,818,69,390,459,18,294,tqdm/tqdm,2015-06-03 13:13:14,2501,0.4090363854,0.0459816074,0.0239904038,0.0119952019,0.7620951619,2.0,2.7740903638,0
keon/algorithms,25,5,0,0,0,1,5,0,1,1.0,74073233,keon/algorithms,https://github.com/keon/algorithms,2016-11-17 22:32:08,Python,,20075,4128,20075,171,66,keon/algorithms,189,0,2,0,940,60,94,154,140,560,700,6,221,keon/algorithms,2016-11-17 22:32:08,1968,0.0,0.0960365854,0.0,0.0010162602,0.4776422764,0.0,0.4786585366,0
getredash/redash,63,5,1,0,0,1,10,0,0,0.0,13926404,getredash/redash,https://github.com/getredash/redash,2013-10-28 13:19:39,Python,,20049,3516,20049,684,67,getredash/redash,428,8522,30,4,7275,472,1715,2187,224,3295,3519,0,72,getredash/redash,2013-10-28 13:19:39,3084,2.7632944228,0.1387808042,0.0012970169,0.0097276265,2.3589494163,0.1333333333,2.5020103761000003,0
wangzheng0822/algo,43,1,0,0,0,0,0,0,0,0.0,150058902,wangzheng0822/algo,https://github.com/wangzheng0822/algo,2018-09-24 05:33:46,Python,,20030,6430,20030,141,68,wangzheng0822/algo,147,0,2,0,1065,97,21,118,46,354,400,0,36,wangzheng0822/algo,2018-09-24 05:33:46,1292,0.0,0.1137770898,0.0,0.0015479876,0.8243034056,0.0,0.8258513932,0
bregman-arie/devops-exercises,810,13,0,0,1,9,73,0,170,114.5,212639071,bregman-arie/devops-exercises,https://github.com/bregman-arie/devops-exercises,2019-10-03 17:31:21,Python,,19648,3962,19648,12,69,bregman-arie/devops-exercises,84,0,2,0,571,12,36,48,5,152,157,0,472,bregman-arie/devops-exercises,2019-10-03 17:31:21,918,0.0,0.091503268,0.0,0.0021786492,0.6220043573,0.0,0.6241830065,0
nicolargo/glances,37,0,0,0,0,0,0,0,53,1.0,2909429,nicolargo/glances,https://github.com/nicolargo/glances,2011-12-04 08:49:15,Python,,19572,1262,19572,203,70,nicolargo/glances,168,182,27,11,4242,218,1238,1456,0,510,510,9,191,nicolargo/glances,2011-12-04 08:49:15,3778,0.0481736368,0.0444679725,0.0029115934,0.0071466384,1.1228163049,0.4074074074,1.5373703507,0
sebastianruder/NLP-progress,82,2,0,0,0,0,5,0,5,0.0,138331573,sebastianruder/NLP-progress,https://github.com/sebastianruder/NLP-progress,2018-06-22 17:43:55,Python,,19453,3325,19453,44,71,sebastianruder/NLP-progress,300,0,2,0,776,30,65,95,5,500,505,0,92,sebastianruder/NLP-progress,2018-06-22 17:43:55,1386,0.0,0.2164502165,0.0,0.0014430014,0.5598845599,0.0,0.5613275612999999,0
ultralytics/yolov5,21,24,0,1,0,28,61,0,7,4.0,264818686,ultralytics/yolov5,https://github.com/ultralytics/yolov5,2020-05-18 03:45:11,Python,,19331,6752,19331,260,72,ultralytics/yolov5,220,68120,8,101,1836,219,4694,4913,27,1405,1432,2,127,ultralytics/yolov5,2020-05-18 03:45:11,690,98.7246376812,0.3188405797,0.1463768116,0.0115942029,2.6608695652,12.625,15.2974637681,0
StevenBlack/hosts,27,10,0,0,0,68,80,2,93,14.0,4008931,StevenBlack/hosts,https://github.com/StevenBlack/hosts,2012-04-12 20:22:50,Python,,19272,1708,19272,32,73,StevenBlack/hosts,135,0,2,0,2893,37,1311,1348,0,523,523,1,837,StevenBlack/hosts,2012-04-12 20:22:50,3648,0.0,0.0370065789,0.0,0.0005482456,0.7930372807,0.0,0.7935855263,0
facebookresearch/detectron2,4,2,0,0,0,2,8,0,0,1.0,206660580,facebookresearch/detectron2,https://github.com/facebookresearch/detectron2,2019-09-05 21:30:20,Python,,19090,5110,19090,130,74,facebookresearch/detectron2,210,0,2,0,1339,147,2721,2868,22,422,444,1,13,facebookresearch/detectron2,2019-09-05 21:30:20,946,0.0,0.221987315,0.0,0.0021141649,1.4154334038,0.0,1.4175475687,0
drduh/macOS-Security-and-Privacy-Guide,169,5,0,1,0,88,279,5,126,129.5,41654081,drduh/macOS-Security-and-Privacy-Guide,https://github.com/drduh/macOS-Security-and-Privacy-Guide,2015-08-31 03:36:35,Python,,18611,1338,18611,12,75,drduh/macOS-Security-and-Privacy-Guide,91,0,2,0,571,16,224,240,2,149,151,22,349,drduh/macOS-Security-and-Privacy-Guide,2015-08-31 03:36:35,2412,0.0,0.0377280265,0.0,0.0008291874,0.2367330017,0.0,0.2375621891,0
microsoft/cascadia-code,14,6,0,0,0,9,19,0,11,2.0,196284711,microsoft/cascadia-code,https://github.com/microsoft/cascadia-code,2019-07-10 22:50:20,Python,,18548,617,18548,61,76,microsoft/cascadia-code,18,891765,17,23,195,69,447,516,2,88,90,4,36,microsoft/cascadia-code,2019-07-10 22:50:20,1003,889.0977068794,0.0179461615,0.0229312064,0.0169491525,0.1944167498,1.3529411765,1.5643070788,0
ray-project/ray,32,0,0,0,0,0,0,11,72,0.0,71932349,ray-project/ray,https://github.com/ray-project/ray,2016-10-25 19:38:30,Python,,18390,3088,18390,2143,77,ray-project/ray,672,0,2,0,11586,1984,7331,9315,419,12971,13390,0,91,ray-project/ray,2016-10-25 19:38:30,1991,0.0,0.3375188348,0.0,0.0010045203,5.8191863385,0.0,5.8201908588,0
celery/celery,13,0,0,0,0,0,0,0,68,0.0,184460,celery/celery,https://github.com/celery/celery,2009-04-24 11:31:24,Python,,18300,4152,18300,492,78,celery/celery,1179,0,2,0,11844,471,4162,4633,57,2442,2499,2,414,celery/celery,2009-04-24 11:31:24,4732,0.0,0.2491546915,0.0,0.0004226543,2.5029585799,0.0,2.5033812342,0
deezer/spleeter,12,2,0,0,0,13,28,1,5,3.0,211124697,deezer/spleeter,https://github.com/deezer/spleeter,2019-09-26 15:40:46,Python,,18052,1915,18052,104,79,deezer/spleeter,22,9339,2,7,477,120,525,645,6,77,83,0,51,deezer/spleeter,2019-09-26 15:40:46,925,10.0962162162,0.0237837838,0.0075675676,0.0021621622,0.5156756757,3.5,4.0178378379,0
PaddlePaddle/PaddleOCR,43,3,0,0,0,17,31,1,2,0.0,262296122,PaddlePaddle/PaddleOCR,https://github.com/PaddlePaddle/PaddleOCR,2020-05-08 10:38:16,Python,,17764,3594,17764,970,80,PaddlePaddle/PaddleOCR,109,0,2,0,3954,928,3078,4006,80,1589,1669,0,266,PaddlePaddle/PaddleOCR,2020-05-08 10:38:16,700,0.0,0.1557142857,0.0,0.0028571429,5.6485714286,0.0,5.6514285715,0
jumpserver/jumpserver,33,11,0,1,0,14,35,0,0,0.0,21484781,jumpserver/jumpserver,https://github.com/jumpserver/jumpserver,2014-07-04 03:54:59,Python,,17488,4431,17488,224,81,jumpserver/jumpserver,138,2348,30,90,6935,161,3909,4070,10,3635,3645,0,112,jumpserver/jumpserver,2014-07-04 03:54:59,2835,0.8282186949,0.0486772487,0.0317460317,0.0105820106,2.4462081129,3.0,5.456790123499999,0
open-mmlab/mmdetection,87,8,0,3,0,22,32,2,1,1.0,145670234,open-mmlab/mmdetection,https://github.com/open-mmlab/mmdetection,2018-08-22 07:06:06,Python,,17455,6235,17455,377,82,open-mmlab/mmdetection,338,0,2,0,1962,458,4825,5283,57,1968,2025,0,152,open-mmlab/mmdetection,2018-08-22 07:06:06,1325,0.0,0.2550943396,0.0,0.001509434,1.480754717,0.0,1.4822641509999999,0
pytorch/examples,13,1,0,0,0,2,2,0,0,0.0,66424871,pytorch/examples,https://github.com/pytorch/examples,2016-08-24 03:12:48,Python,,17428,8123,17428,327,83,pytorch/examples,205,0,2,0,587,134,381,515,33,415,448,0,22,pytorch/examples,2016-08-24 03:12:48,2053,0.0,0.0998538724,0.0,0.0009741841,0.2859230395,0.0,0.2868972236,0
python-poetry/poetry,26,6,1,0,0,2,12,0,54,18.0,123303402,python-poetry/poetry,https://github.com/python-poetry/poetry,2018-02-28 15:23:47,Python,,17367,1439,17367,1251,84,python-poetry/poetry,347,243680,30,258,2059,1117,2452,3569,167,1323,1490,16,84,python-poetry/poetry,2018-02-28 15:23:47,1500,162.4533333333,0.2313333333,0.172,0.02,1.3726666667,8.6,9.9926666667,0
PaddlePaddle/Paddle,13,5,0,0,0,5,20,0,0,1.0,65711522,PaddlePaddle/Paddle,https://github.com/PaddlePaddle/Paddle,2016-08-15 06:59:08,Python,,17126,4160,17126,2830,85,PaddlePaddle/Paddle,734,0,2,0,34417,2045,12235,14280,807,25197,26004,1,95,PaddlePaddle/Paddle,2016-08-15 06:59:08,2062,0.0,0.3559650824,0.0,0.0009699321,16.6910766246,0.0,16.6920465567,0
luong-komorebi/Awesome-Linux-Software,906,2,0,34,0,533,894,19,4,0.0,65083316,luong-komorebi/Awesome-Linux-Software,https://github.com/luong-komorebi/Awesome-Linux-Software,2016-08-06 13:16:29,Python,,16856,1719,16856,23,86,luong-komorebi/Awesome-Linux-Software,255,0,2,0,1332,13,100,113,13,412,425,4,926,luong-komorebi/Awesome-Linux-Software,2016-08-06 13:16:29,2071,0.0,0.1231289232,0.0,0.000965717,0.6431675519,0.0,0.6441332689,0
streamlit/streamlit,8,5,2,0,0,5,16,2,0,3.0,204086862,streamlit/streamlit,https://github.com/streamlit/streamlit,2019-08-24 00:14:52,Python,,16753,1499,16753,522,87,streamlit/streamlit,151,0,2,0,4619,545,1735,2280,7,2123,2130,3,77,streamlit/streamlit,2019-08-24 00:14:52,958,0.0,0.1576200418,0.0,0.0020876827,4.8215031315,0.0,4.8235908142,0
PyTorchLightning/pytorch-lightning,32,28,1,0,1,10,45,0,0,20.0,178626720,PyTorchLightning/pytorch-lightning,https://github.com/PyTorchLightning/pytorch-lightning,2019-03-31 00:45:57,Python,,16446,2018,16446,455,88,PyTorchLightning/pytorch-lightning,665,370,30,60,6646,404,4244,4648,145,5673,5818,0,542,PyTorchLightning/pytorch-lightning,2019-03-31 00:45:57,1104,0.3351449275,0.6023550725,0.0543478261,0.027173913,6.0199275362,2.0,8.0471014492,0
toml-lang/toml,10,1,0,0,0,1,1,0,0,1.0,8385616,toml-lang/toml,https://github.com/toml-lang/toml,2013-02-24 03:03:57,Python,,16261,774,16261,55,89,toml-lang/toml,192,0,2,0,803,23,422,445,10,409,419,7,482,toml-lang/toml,2013-02-24 03:03:57,3330,0.0,0.0576576577,0.0,0.0006006006,0.2411411411,0.0,0.2417417417,0
chubin/wttr.in,48,8,0,0,0,11,21,1,51,20.0,48623558,chubin/wttr.in,https://github.com/chubin/wttr.in,2015-12-26 21:03:43,Python,,16250,791,16250,167,90,chubin/wttr.in,160,0,2,0,1164,177,276,453,4,245,249,18,99,chubin/wttr.in,2015-12-26 21:03:43,2295,0.0,0.0697167756,0.0,0.0008714597,0.5071895425,0.0,0.5080610022000001,0
reddit-archive/reddit,0,0,0,0,0,2,4,0,0,0.0,26554,reddit-archive/reddit,https://github.com/reddit-archive/reddit,2008-06-18 23:30:53,Python,,15903,2885,15903,304,91,reddit-archive/reddit,234,0,2,0,7956,0,0,0,0,859,859,0,7,reddit-archive/reddit,2008-06-18 23:30:53,5042,0.0,0.0464101547,0.0,0.000396668,1.5779452598,0.0,1.5783419278000002,0
charlax/professional-programming,791,1,0,1,0,62,478,2,16,0.0,45723377,charlax/professional-programming,https://github.com/charlax/professional-programming,2015-11-07 05:07:52,Python,,15899,1440,15899,1,92,charlax/professional-programming,25,0,2,0,303,0,9,9,1,31,32,0,238,charlax/professional-programming,2015-11-07 05:07:52,2344,0.0,0.010665529,0.0,0.0008532423,0.1292662116,0.0,0.13011945390000001,0
bokeh/bokeh,7,22,0,0,0,5,60,1,0,2.0,3834332,bokeh/bokeh,https://github.com/bokeh/bokeh,2012-03-26 15:40:01,Python,,15789,3836,15789,707,93,bokeh/bokeh,619,0,2,0,19507,667,6174,6841,22,5082,5104,3,145,bokeh/bokeh,2012-03-26 15:40:01,3665,0.0,0.1688949523,0.0,0.0005457026,5.3225102319,0.0,5.3230559345,0
cookiecutter/cookiecutter,49,8,0,0,0,15,30,1,12,8.0,11407242,cookiecutter/cookiecutter,https://github.com/cookiecutter/cookiecutter,2013-07-14 18:31:22,Python,,15775,1554,15775,229,94,cookiecutter/cookiecutter,272,0,2,0,2759,188,505,693,64,873,937,1,27,cookiecutter/cookiecutter,2013-07-14 18:31:22,3190,0.0,0.0852664577,0.0,0.0006269592,0.8648902821,0.0,0.8655172413,0
sanic-org/sanic,0,0,0,0,0,0,0,0,14,0.0,59720190,sanic-org/sanic,https://github.com/sanic-org/sanic,2016-05-26 04:38:22,Python,,15621,1395,15621,55,95,sanic-org/sanic,344,0,2,0,2632,41,1081,1122,12,1271,1283,2,69,sanic-org/sanic,2016-05-26 04:38:22,2143,0.0,0.1605226318,0.0,0.0009332711,1.2281847877,0.0,1.2291180588000001,0
mingrammer/diagrams,1,24,0,0,0,4,12,0,2,1.0,237791077,mingrammer/diagrams,https://github.com/mingrammer/diagrams,2020-02-02 15:23:24,Python,,15620,884,15620,241,96,mingrammer/diagrams,106,0,2,0,446,180,144,324,63,273,336,4,66,mingrammer/diagrams,2020-02-02 15:23:24,796,0.0,0.1331658291,0.0,0.0025125628,0.5603015075,0.0,0.5628140703,0
plotly/dash,14,12,4,0,0,4,26,0,0,0.0,33702544,plotly/dash,https://github.com/plotly/dash,2015-04-10 01:53:08,Python,,15511,1599,15511,553,97,plotly/dash,132,0,2,0,5721,557,634,1191,37,648,685,0,29,plotly/dash,2015-04-10 01:53:08,2555,0.0,0.0516634051,0.0,0.0007827789,2.2391389432,0.0,2.2399217221,0
nginx-proxy/nginx-proxy,8,6,0,0,0,9,27,0,65,32.0,19463625,nginx-proxy/nginx-proxy,https://github.com/nginx-proxy/nginx-proxy,2014-05-05 17:01:40,Python,,15492,2694,15492,578,98,nginx-proxy/nginx-proxy,135,0,2,0,852,495,746,1241,60,434,494,3,219,nginx-proxy/nginx-proxy,2014-05-05 17:01:40,2895,0.0,0.0466321244,0.0,0.0006908463,0.2943005181,0.0,0.2949913644,0
google/jax,24,3,0,0,0,12,38,0,65,21.0,154739597,google/jax,https://github.com/google/jax,2018-10-25 21:25:02,Python,,15229,1412,15229,915,99,google/jax,416,0,2,0,10741,820,2127,2947,179,5743,5922,2,218,google/jax,2018-10-25 21:25:02,1261,0.0,0.3298969072,0.0,0.0015860428,8.5178429818,0.0,8.519429024599999,0
unifi-hackers/unifi-lab,41,0,0,0,0,0,0,0,0,0.0,6249605,unifi-hackers/unifi-lab,https://github.com/unifi-hackers/unifi-lab,2012-10-16 18:46:50,Python,,99,35,99,8,198,unifi-hackers/unifi-lab,6,0,2,0,60,8,4,12,0,8,8,0,6,unifi-hackers/unifi-lab,2012-10-16 18:46:50,3461,0.0,0.001733603,0.0,0.0005778677,0.01733603,0.0,0.0179138977,1
chaordic/tiopatinhas,22,0,0,0,0,2,4,0,2,3.0,5495183,chaordic/tiopatinhas,https://github.com/chaordic/tiopatinhas,2012-08-21 13:10:14,Python,,98,24,98,1,197,chaordic/tiopatinhas,10,0,2,0,103,0,2,2,1,11,12,0,24,chaordic/tiopatinhas,2012-08-21 13:10:14,3517,0.0,0.0028433324,0.0,0.0005686665,0.0292863236,0.0,0.0298549901,1
riptano/cassandra-dtest-deprecated,6,0,0,0,0,3,7,0,4,0.0,2674774,riptano/cassandra-dtest-deprecated,https://github.com/riptano/cassandra-dtest-deprecated,2011-10-30 11:15:44,Python,,96,87,96,36,195,riptano/cassandra-dtest-deprecated,93,0,2,0,5004,28,85,113,8,1375,1383,0,10,riptano/cassandra-dtest-deprecated,2011-10-30 11:15:44,3813,0.0,0.0243902439,0.0,0.0005245214,1.3123524784,0.0,1.3128769998,0
nicolehe/grow_slow,8,2,1,0,0,1,7,0,15,3.0,61503452,nicolehe/grow_slow,https://github.com/nicolehe/grow_slow,2016-06-19 22:31:11,Python,,95,9,95,2,194,nicolehe/grow_slow,2,0,2,0,27,2,0,2,0,1,1,0,22,nicolehe/grow_slow,2016-06-19 22:31:11,2119,0.0,0.0009438414,0.0,0.0009438414,0.0127418594,0.0,0.013685700799999999,1
ZFTurbo/KAGGLE_DISTRACTED_DRIVER,0,0,0,0,0,0,0,0,0,0.0,55597901,ZFTurbo/KAGGLE_DISTRACTED_DRIVER,https://github.com/ZFTurbo/KAGGLE_DISTRACTED_DRIVER,2016-04-06 10:45:46,Python,,94,54,94,5,193,ZFTurbo/KAGGLE_DISTRACTED_DRIVER,2,0,2,0,19,5,0,5,0,1,1,0,8,ZFTurbo/KAGGLE_DISTRACTED_DRIVER,2016-04-06 10:45:46,2193,0.0,0.0009119927,0.0,0.0009119927,0.0086639307,0.0,0.009575923399999998,1
jinhang/12306_captcha,6,0,0,0,0,0,0,0,0,2.0,47616182,jinhang/12306_captcha,https://github.com/jinhang/12306_captcha,2015-12-08 10:48:53,Python,,93,48,93,1,192,jinhang/12306_captcha,1,0,2,0,2,1,2,3,0,0,0,0,2,jinhang/12306_captcha,2015-12-08 10:48:53,2313,0.0,0.000432339,0.0,0.0008646779,0.0008646779,0.0,0.0017293558,1
erik/alexandra,0,0,0,0,0,0,1,0,7,0.0,46254766,erik/alexandra,https://github.com/erik/alexandra,2015-11-16 05:49:51,Python,,92,11,92,2,191,erik/alexandra,5,0,2,0,123,0,3,3,2,14,16,0,5,erik/alexandra,2015-11-16 05:49:51,2335,0.0,0.0021413276,0.0,0.000856531,0.0526766595,0.0,0.0535331905,1
mitsuse/autocomplete-swift,9,1,1,0,0,0,0,0,8,4.0,51497732,mitsuse/autocomplete-swift,https://github.com/mitsuse/autocomplete-swift,2016-02-11 06:16:54,Python,,91,5,91,0,190,mitsuse/autocomplete-swift,2,0,2,0,190,0,9,9,0,4,4,0,60,mitsuse/autocomplete-swift,2016-02-11 06:16:54,2248,0.0,0.0008896797,0.0,0.0008896797,0.084519573,0.0,0.08540925270000001,1
Sentimentron/Dracula,11,0,0,0,0,0,11,0,13,0.0,38178439,Sentimentron/Dracula,https://github.com/Sentimentron/Dracula,2015-06-27 23:00:29,Python,,90,19,90,1,189,Sentimentron/Dracula,1,0,2,0,129,1,0,1,0,0,0,0,7,Sentimentron/Dracula,2015-06-27 23:00:29,2477,0.0,0.0004037142,0.0,0.0008074283,0.052079128,0.0,0.052886556300000005,1
uber/charlatan,2,0,0,0,0,0,0,0,3,0.0,8042521,uber/charlatan,https://github.com/uber/charlatan,2013-02-06 01:51:33,Python,,89,13,89,8,188,uber/charlatan,27,0,2,0,261,8,3,11,0,52,52,0,16,uber/charlatan,2013-02-06 01:51:33,3348,0.0,0.0080645161,0.0,0.0005973716,0.0779569892,0.0,0.07855436079999999,1
jeroennijhof/LoRaWAN,0,0,0,0,0,0,0,0,0,0.0,61633141,jeroennijhof/LoRaWAN,https://github.com/jeroennijhof/LoRaWAN,2016-06-21 12:44:59,Python,,88,73,88,5,187,jeroennijhof/LoRaWAN,1,0,2,0,16,4,4,8,1,0,1,0,10,jeroennijhof/LoRaWAN,2016-06-21 12:44:59,2117,0.0,0.0004723666,0.0,0.0009447331,0.0075578649,0.0,0.008502598,1
charleshberlin/O-RLY-Book-Generator,0,0,0,0,0,0,0,0,0,0.0,56878693,charleshberlin/O-RLY-Book-Generator,https://github.com/charleshberlin/O-RLY-Book-Generator,2016-04-22 19:01:18,Python,,86,16,86,3,185,charleshberlin/O-RLY-Book-Generator,2,0,2,0,2,3,1,4,0,0,0,0,1,charleshberlin/O-RLY-Book-Generator,2016-04-22 19:01:18,2177,0.0,0.0009186955,0.0,0.0009186955,0.0009186955,0.0,0.001837391,1
dashayushman/TAC-GAN,10,3,0,0,0,7,16,0,13,26.5,92270845,dashayushman/TAC-GAN,https://github.com/dashayushman/TAC-GAN,2017-05-24 08:48:37,Python,,85,31,85,11,184,dashayushman/TAC-GAN,2,0,2,0,69,11,3,14,0,2,2,0,11,dashayushman/TAC-GAN,2017-05-24 08:48:37,1780,0.0,0.0011235955,0.0,0.0011235955,0.0387640449,0.0,0.0398876404,1
mattdreimer/AutonomousGrainCart,0,0,0,0,0,0,2,0,2,0.0,45548500,mattdreimer/AutonomousGrainCart,https://github.com/mattdreimer/AutonomousGrainCart,2015-11-04 15:35:01,Python,,84,27,84,0,183,mattdreimer/AutonomousGrainCart,3,0,2,0,42,0,4,4,0,6,6,0,8,mattdreimer/AutonomousGrainCart,2015-11-04 15:35:01,2347,0.0,0.0012782275,0.0,0.0008521517,0.0178951853,0.0,0.018747337000000003,1
smxlabs/gibbersense,3,0,0,0,0,0,0,0,0,0.0,90979181,smxlabs/gibbersense,https://github.com/smxlabs/gibbersense,2017-05-11 12:56:02,Python,,83,17,83,0,172,smxlabs/gibbersense,1,0,2,0,4,0,0,0,0,0,0,0,3,smxlabs/gibbersense,2017-05-11 12:56:02,1793,0.0,0.0005577245,0.0,0.001115449,0.0022308979,0.0,0.0033463469,1
timsutton/aamporter,14,0,0,0,0,3,12,0,24,0.0,6164184,timsutton/aamporter,https://github.com/timsutton/aamporter,2012-10-10 20:47:52,Python,,82,13,82,5,171,timsutton/aamporter,7,0,2,0,88,5,15,20,0,10,10,0,22,timsutton/aamporter,2012-10-10 20:47:52,3467,0.0,0.0020190366,0.0,0.0005768676,0.0253821748,0.0,0.0259590424,1
ryanmcdermott/birdseed,0,0,0,0,0,0,1,0,5,1.0,45362369,ryanmcdermott/birdseed,https://github.com/ryanmcdermott/birdseed,2015-11-01 23:45:05,Python,,81,4,81,0,170,ryanmcdermott/birdseed,4,0,2,0,22,0,0,0,0,5,5,0,4,ryanmcdermott/birdseed,2015-11-01 23:45:05,2350,0.0,0.0017021277,0.0,0.0008510638,0.0093617021,0.0,0.0102127659,1
yhlleo/cifar10Dataset,4,0,0,0,0,1,2,0,7,2.0,90526530,yhlleo/cifar10Dataset,https://github.com/yhlleo/cifar10Dataset,2017-05-07 10:59:50,Python,,80,41,80,2,169,yhlleo/cifar10Dataset,2,0,2,0,13,2,4,6,0,0,0,0,3,yhlleo/cifar10Dataset,2017-05-07 10:59:50,1797,0.0,0.0011129661,0.0,0.0011129661,0.0072342794,0.0,0.0083472455,1
pathak22/seg-by-interaction,0,1,0,0,0,0,2,0,1,0.0,138193318,pathak22/seg-by-interaction,https://github.com/pathak22/seg-by-interaction,2018-06-21 16:05:58,Python,,79,4,79,1,168,pathak22/seg-by-interaction,1,0,2,0,2,1,0,1,0,0,0,0,2,pathak22/seg-by-interaction,2018-06-21 16:05:58,1387,0.0,0.0007209805,0.0,0.0014419611,0.0014419611,0.0,0.0028839222,1
Tachone/zhihu_spider,9,3,0,0,0,0,0,0,0,0.0,58061075,Tachone/zhihu_spider,https://github.com/Tachone/zhihu_spider,2016-05-04 15:01:05,Python,,78,49,78,0,167,Tachone/zhihu_spider,1,0,2,0,14,0,2,2,0,1,1,0,6,Tachone/zhihu_spider,2016-05-04 15:01:05,2165,0.0,0.0004618938,0.0,0.0009237875,0.0064665127,0.0,0.0073903002,1
zxsecurity/gpsnitch,7,0,0,0,0,0,3,0,2,0.0,62773989,zxsecurity/gpsnitch,https://github.com/zxsecurity/gpsnitch,2016-07-07 04:03:43,Python,,77,18,77,0,166,zxsecurity/gpsnitch,2,0,2,0,5,0,0,0,0,0,0,0,4,zxsecurity/gpsnitch,2016-07-07 04:03:43,2101,0.0,0.0009519277,0.0,0.0009519277,0.0023798191,0.0,0.0033317468000000003,1
sklam/py2nb,2,0,0,0,0,0,0,0,3,4.0,36940029,sklam/py2nb,https://github.com/sklam/py2nb,2015-06-05 15:24:23,Python,,76,32,76,6,165,sklam/py2nb,2,0,2,0,12,5,1,6,1,2,3,0,4,sklam/py2nb,2015-06-05 15:24:23,2499,0.0,0.0008003201,0.0,0.0008003201,0.0048019208,0.0,0.0056022408999999995,1
mattermost/mattermost-integration-gitlab,84,0,0,0,0,4,8,1,17,0.0,44194288,mattermost/mattermost-integration-gitlab,https://github.com/mattermost/mattermost-integration-gitlab,2015-10-13 17:49:47,Python,,75,92,75,3,164,mattermost/mattermost-integration-gitlab,8,0,2,0,65,3,3,6,0,12,12,0,42,mattermost/mattermost-integration-gitlab,2015-10-13 17:49:47,2369,0.0,0.0033769523,0.0,0.0008442381,0.0274377374,0.0,0.028281975499999997,1
peterpakos/checkipaconsistency,3,0,0,0,0,2,3,0,7,10.0,50937576,peterpakos/checkipaconsistency,https://github.com/peterpakos/checkipaconsistency,2016-02-02 17:16:35,Python,,74,27,74,10,163,peterpakos/checkipaconsistency,5,0,2,0,39,7,46,53,3,21,24,10,19,peterpakos/checkipaconsistency,2016-02-02 17:16:35,2257,0.0,0.0022153301,0.0,0.000886132,0.0172795747,0.0,0.018165706700000003,1
jpush/jbox,8,5,0,0,0,1,8,0,0,0.0,63677110,jpush/jbox,https://github.com/jpush/jbox,2016-07-19 08:45:19,Python,,73,25,73,0,182,jpush/jbox,10,0,2,0,435,0,2,2,0,1,1,0,20,jpush/jbox,2016-07-19 08:45:19,2089,0.0,0.0047869794,0.0,0.0009573959,0.2082336046,0.0,0.2091910005,0
galal-hussein/Rancher-Ansible,21,0,0,0,0,0,1,0,20,6.0,43454500,galal-hussein/Rancher-Ansible,https://github.com/galal-hussein/Rancher-Ansible,2015-09-30 19:33:23,Python,,72,30,72,4,181,galal-hussein/Rancher-Ansible,2,0,2,0,13,4,3,7,0,0,0,0,5,galal-hussein/Rancher-Ansible,2015-09-30 19:33:23,2382,0.0,0.0008396306,0.0,0.0008396306,0.0054575987,0.0,0.0062972293,1
robbwagoner/aws-lambda-sns-to-slack,10,0,0,0,0,2,2,0,7,9.0,46140739,robbwagoner/aws-lambda-sns-to-slack,https://github.com/robbwagoner/aws-lambda-sns-to-slack,2015-11-13 18:48:38,Python,,71,31,71,2,180,robbwagoner/aws-lambda-sns-to-slack,5,0,2,0,14,1,1,2,1,6,7,0,4,robbwagoner/aws-lambda-sns-to-slack,2015-11-13 18:48:38,2338,0.0,0.00213858,0.0,0.000855432,0.005988024,0.0,0.0068434559999999995,1
ksoona/attackvector,175,8,0,1,0,15,58,1,2,3.0,10565551,ksoona/attackvector,https://github.com/ksoona/attackvector,2013-06-08 07:43:43,Python,,70,33,70,14,179,ksoona/attackvector,0,0,2,0,0,0,0,0,0,0,0,0,0,ksoona/attackvector,2013-06-08 07:43:43,3226,0.0,0.001,0.0,0.0006199628,0.0,0.0,0.0006199628,1
summarization/semantic_summ,0,0,0,0,0,0,0,0,0,0.0,32896759,summarization/semantic_summ,https://github.com/summarization/semantic_summ,2015-03-25 23:24:37,Python,,69,28,69,2,178,summarization/semantic_summ,2,0,2,0,6,2,1,3,0,0,0,0,5,summarization/semantic_summ,2015-03-25 23:24:37,2571,0.0,0.0007779074,0.0,0.0007779074,0.0023337223,0.0,0.0031116297,1
az0ne/python_backdoor,0,2,0,0,0,0,0,0,0,0.0,46473444,az0ne/python_backdoor,https://github.com/az0ne/python_backdoor,2015-11-19 06:47:13,Python,,68,41,68,1,177,az0ne/python_backdoor,1,0,2,0,8,1,0,1,0,0,0,0,5,az0ne/python_backdoor,2015-11-19 06:47:13,2332,0.0,0.0004288165,0.0,0.0008576329,0.0034305317,0.0,0.0042881646,1
codeinn/vcs,6,0,0,0,0,0,0,0,3,0.0,1277769,codeinn/vcs,https://github.com/codeinn/vcs,2011-01-21 08:42:06,Python,,67,19,67,23,176,codeinn/vcs,12,0,2,0,694,21,90,111,2,18,20,1,9,codeinn/vcs,2011-01-21 08:42:06,4095,0.0,0.0029304029,0.0,0.0004884005,0.1694749695,0.0,0.16996337,0
jamespacileo/django-smartagent,28,0,0,0,0,0,0,0,3,0.0,1346540,jamespacileo/django-smartagent,https://github.com/jamespacileo/django-smartagent,2011-02-09 14:17:29,Python,,66,5,66,6,175,jamespacileo/django-smartagent,2,0,2,0,69,5,2,7,2,2,4,0,1,jamespacileo/django-smartagent,2011-02-09 14:17:29,4076,0.0,0.0004906771,0.0,0.0004906771,0.0169283611,0.0,0.0174190382,1
c01db33f/concolica,0,0,0,0,0,0,0,0,0,0.0,24183658,c01db33f/concolica,https://github.com/c01db33f/concolica,2014-09-18 10:16:49,Python,,65,17,65,1,174,c01db33f/concolica,2,0,2,0,22,0,0,0,0,0,0,0,4,c01db33f/concolica,2014-09-18 10:16:49,2759,0.0,0.0007249003,0.0,0.0007249003,0.0079739036,0.0,0.0086988039,1
peeringdb/peeringdb-py,0,3,0,0,0,0,3,0,0,0.0,44607044,peeringdb/peeringdb-py,https://github.com/peeringdb/peeringdb-py,2015-10-20 13:10:14,Python,,64,21,64,6,173,peeringdb/peeringdb-py,10,0,2,0,148,0,0,0,0,0,0,0,8,peeringdb/peeringdb-py,2015-10-20 13:10:14,2362,0.0,0.0042337003,0.0,0.0008467401,0.0626587638,0.0,0.06350550390000001,1
szad670401/OCR_CharGen,8,62,0,0,0,0,0,0,0,0.0,62905261,szad670401/OCR_CharGen,https://github.com/szad670401/OCR_CharGen,2016-07-08 17:20:06,Python,,63,50,63,0,162,szad670401/OCR_CharGen,1,0,2,0,7,0,0,0,0,0,0,0,6,szad670401/OCR_CharGen,2016-07-08 17:20:06,2100,0.0,0.0004761905,0.0,0.000952381,0.0033333333,0.0,0.0042857143,1
dabeaz/me-al,0,0,0,0,0,0,3,0,0,0.0,33094874,dabeaz/me-al,https://github.com/dabeaz/me-al,2015-03-30 00:12:16,Python,,62,6,62,2,161,dabeaz/me-al,1,0,2,0,10,0,0,0,2,0,2,0,7,dabeaz/me-al,2015-03-30 00:12:16,2566,0.0,0.0003897116,0.0,0.0007794232,0.0038971161,0.0,0.0046765393,1
vektorlab/slacksocket,0,1,0,0,0,0,2,0,0,5.0,31039588,vektorlab/slacksocket,https://github.com/vektorlab/slacksocket,2015-02-19 22:09:42,Python,,61,11,61,0,160,vektorlab/slacksocket,10,0,2,0,177,0,0,0,0,0,0,0,19,vektorlab/slacksocket,2015-02-19 22:09:42,2605,0.0,0.0038387716,0.0,0.0007677543,0.0679462572,0.0,0.0687140115,1
iandees/speedtrack,4,4,0,1,0,1,4,1,2,0.0,59915940,iandees/speedtrack,https://github.com/iandees/speedtrack,2016-05-28 21:54:22,Python,,60,19,60,4,159,iandees/speedtrack,1,0,2,0,5,0,0,0,0,0,0,0,3,iandees/speedtrack,2016-05-28 21:54:22,2141,0.0,0.0004670715,0.0,0.0009341429,0.0023353573,0.0,0.0032695002,1
mattmakai/callbot,0,1,0,0,0,0,3,0,0,0.0,59328108,mattmakai/callbot,https://github.com/mattmakai/callbot,2016-05-20 21:42:46,Python,,59,3,59,0,158,mattmakai/callbot,2,0,2,0,10,0,0,0,0,0,0,0,6,mattmakai/callbot,2016-05-20 21:42:46,2149,0.0,0.0009306654,0.0,0.0009306654,0.0046533271,0.0,0.0055839925,1
0xadada/dockdj,40,1,0,0,0,1,7,0,11,0.0,43304186,0xadada/dockdj,https://github.com/0xadada/dockdj,2015-09-28 13:58:50,Python,,58,9,58,0,157,0xadada/dockdj,4,0,2,0,39,0,0,0,0,1,1,0,13,0xadada/dockdj,2015-09-28 13:58:50,2384,0.0,0.0016778523,0.0,0.0008389262,0.0163590604,0.0,0.0171979866,1
ryhanson/keyslack,8,0,0,0,0,1,2,0,2,1.0,43105639,ryhanson/keyslack,https://github.com/ryhanson/keyslack,2015-09-25 02:44:01,Python,,57,11,57,0,156,ryhanson/keyslack,3,0,2,0,10,0,0,0,0,1,1,0,4,ryhanson/keyslack,2015-09-25 02:44:01,2387,0.0,0.0012568077,0.0,0.0008378718,0.004189359,0.0,0.0050272308,1
char0n/django-profiler,7,0,0,0,0,0,0,0,6,0.0,2710729,char0n/django-profiler,https://github.com/char0n/django-profiler,2011-11-04 16:55:17,Python,,56,11,56,6,155,char0n/django-profiler,4,0,2,0,53,5,4,9,1,3,4,0,12,char0n/django-profiler,2011-11-04 16:55:17,3808,0.0,0.0010504202,0.0,0.0005252101,0.0139180672,0.0,0.0144432773,1
pevma/rule2alert,21,0,0,0,0,0,0,0,0,0.0,13244963,pevma/rule2alert,https://github.com/pevma/rule2alert,2013-10-01 13:44:14,Python,,55,17,55,3,154,pevma/rule2alert,1,0,2,0,18,3,1,4,0,0,0,0,5,pevma/rule2alert,2013-10-01 13:44:14,3111,0.0,0.0003214401,0.0,0.0006428801,0.0057859209,0.0,0.006428801,1
AmirAzodi/cloudflare_ddns,16,0,0,0,0,0,0,0,4,3.0,42391407,AmirAzodi/cloudflare_ddns,https://github.com/AmirAzodi/cloudflare_ddns,2015-09-13 10:09:28,Python,,54,26,54,6,153,AmirAzodi/cloudflare_ddns,2,0,2,0,13,5,3,8,1,0,1,0,5,AmirAzodi/cloudflare_ddns,2015-09-13 10:09:28,2399,0.0,0.0008336807,0.0,0.0008336807,0.0054189246,0.0,0.006252605299999999,1
lonetwin/expyre,11,0,0,0,0,0,0,0,10,0.0,58813532,lonetwin/expyre,https://github.com/lonetwin/expyre,2016-05-14 14:56:07,Python,,53,2,53,0,152,lonetwin/expyre,2,0,2,0,20,0,0,0,0,2,2,0,5,lonetwin/expyre,2016-05-14 14:56:07,2155,0.0,0.0009280742,0.0,0.0009280742,0.0092807425,0.0,0.0102088167,1
mbeissinger/intro_deep,0,0,0,0,0,1,1,0,0,0.0,36412493,mbeissinger/intro_deep,https://github.com/mbeissinger/intro_deep,2015-05-28 03:30:58,Python,,52,27,52,2,151,mbeissinger/intro_deep,4,0,2,0,11,1,0,1,1,0,1,0,4,mbeissinger/intro_deep,2015-05-28 03:30:58,2507,0.0,0.0015955325,0.0,0.0007977663,0.0043877144,0.0,0.0051854807,1
ssaamm/sign-language-tutor,6,1,0,1,0,0,1,0,2,0.0,43987115,ssaamm/sign-language-tutor,https://github.com/ssaamm/sign-language-tutor,2015-10-10 00:59:33,Python,,51,20,51,2,150,ssaamm/sign-language-tutor,2,0,2,0,59,1,4,5,1,1,2,0,6,ssaamm/sign-language-tutor,2015-10-10 00:59:33,2372,0.0,0.0008431703,0.0,0.0008431703,0.0248735245,0.0,0.025716694800000002,1
metaflow-ai/neural_style,29,1,0,0,0,1,5,0,6,9.0,57138219,metaflow-ai/neural_style,https://github.com/metaflow-ai/neural_style,2016-04-26 15:08:37,Python,,50,8,50,2,149,metaflow-ai/neural_style,3,0,2,0,150,2,0,2,0,0,0,0,10,metaflow-ai/neural_style,2016-04-26 15:08:37,2173,0.0,0.0013805798,0.0,0.0009203866,0.0690289922,0.0,0.0699493788,1
KeizerDev/steeb,13,0,1,0,0,0,1,0,1,1.0,43483404,KeizerDev/steeb,https://github.com/KeizerDev/steeb,2015-10-01 07:18:14,Python,,49,6,49,9,148,KeizerDev/steeb,3,0,2,0,41,9,0,9,0,3,3,0,19,KeizerDev/steeb,2015-10-01 07:18:14,2381,0.0,0.0012599748,0.0,0.0008399832,0.0172196556,0.0,0.018059638800000003,1
typesupply/feaPyFoFum,9,0,0,0,0,0,0,0,17,4.0,48828656,typesupply/feaPyFoFum,https://github.com/typesupply/feaPyFoFum,2015-12-31 02:19:03,Python,,48,6,48,4,147,typesupply/feaPyFoFum,6,0,2,0,30,4,4,8,0,4,4,2,8,typesupply/feaPyFoFum,2015-12-31 02:19:03,2290,0.0,0.0026200873,0.0,0.0008733624,0.0131004367,0.0,0.0139737991,1
inveniosoftware/flask-celeryext,0,0,0,0,0,0,0,0,0,0.0,40902258,inveniosoftware/flask-celeryext,https://github.com/inveniosoftware/flask-celeryext,2015-08-17 14:39:57,Python,,47,20,47,4,146,inveniosoftware/flask-celeryext,13,0,2,0,40,4,17,21,0,27,27,1,6,inveniosoftware/flask-celeryext,2015-08-17 14:39:57,2426,0.0,0.005358615,0.0,0.0008244023,0.0164880462,0.0,0.017312448499999997,1
divio/aldryn-search,0,0,0,0,0,0,1,0,17,0.0,11305938,divio/aldryn-search,https://github.com/divio/aldryn-search,2013-07-10 07:59:42,Python,,46,65,46,24,145,divio/aldryn-search,33,0,2,0,255,22,33,55,2,55,57,0,15,divio/aldryn-search,2013-07-10 07:59:42,3194,0.0,0.0103318723,0.0,0.0006261741,0.0798371947,0.0,0.0804633688,1
dufferzafar/pocketmon,0,2,0,0,0,0,3,0,4,1.0,40556833,dufferzafar/pocketmon,https://github.com/dufferzafar/pocketmon,2015-08-11 17:55:44,Python,,44,6,44,1,143,dufferzafar/pocketmon,2,0,2,0,11,1,1,2,0,2,2,1,4,dufferzafar/pocketmon,2015-08-11 17:55:44,2432,0.0,0.0008223684,0.0,0.0008223684,0.0045230263,0.0,0.0053453947,1
xinqiu/kechenggezi-Spider,0,0,0,0,0,0,0,0,0,0.0,51580739,xinqiu/kechenggezi-Spider,https://github.com/xinqiu/kechenggezi-Spider,2016-02-12 10:27:32,Python,,43,30,43,0,142,xinqiu/kechenggezi-Spider,2,0,2,0,11,0,2,2,0,1,1,0,5,xinqiu/kechenggezi-Spider,2016-02-12 10:27:32,2247,0.0,0.0008900757,0.0,0.0008900757,0.0048954161,0.0,0.0057854918000000005,1
apple2373/chainer-simple-fast-rnn,3,2,0,0,0,1,3,0,0,3.0,61105140,apple2373/chainer-simple-fast-rnn,https://github.com/apple2373/chainer-simple-fast-rnn,2016-06-14 08:22:43,Python,,42,23,42,2,141,apple2373/chainer-simple-fast-rnn,2,0,2,0,8,2,4,6,0,0,0,0,8,apple2373/chainer-simple-fast-rnn,2016-06-14 08:22:43,2124,0.0,0.0009416196,0.0,0.0009416196,0.0037664783,0.0,0.0047080978999999995,1
zbears/pyvona,0,0,0,0,0,0,0,0,0,0.0,35402852,zbears/pyvona,https://github.com/zbears/pyvona,2015-05-11 04:52:41,Python,,41,23,41,2,140,zbears/pyvona,13,0,2,0,54,0,26,26,2,11,13,0,3,zbears/pyvona,2015-05-11 04:52:41,2524,0.0,0.0051505547,0.0,0.000792393,0.0213946117,0.0,0.0221870047,1
TakahiroHaruyama/openioc_scan,0,0,0,0,0,0,3,0,0,0.0,30949426,TakahiroHaruyama/openioc_scan,https://github.com/TakahiroHaruyama/openioc_scan,2015-02-18 02:48:56,Python,,40,5,40,3,139,TakahiroHaruyama/openioc_scan,2,0,2,0,31,3,0,3,0,2,2,0,5,TakahiroHaruyama/openioc_scan,2015-02-18 02:48:56,2606,0.0,0.0007674597,0.0,0.0007674597,0.0118956255,0.0,0.0126630852,1
youthpasses/apriori,0,0,0,0,0,0,0,0,0,0.0,36281937,youthpasses/apriori,https://github.com/youthpasses/apriori,2015-05-26 08:18:51,Python,,39,33,39,1,138,youthpasses/apriori,3,0,2,0,5,1,0,1,0,0,0,0,1,youthpasses/apriori,2015-05-26 08:18:51,2509,0.0,0.0011956955,0.0,0.0007971303,0.0019928258,0.0,0.0027899561,1
DanMcInerney/autoresp,3,0,0,0,0,0,0,0,1,0.5,44575022,DanMcInerney/autoresp,https://github.com/DanMcInerney/autoresp,2015-10-20 01:42:33,Python,,38,14,38,0,137,DanMcInerney/autoresp,2,0,2,0,12,0,0,0,0,0,0,0,4,DanMcInerney/autoresp,2015-10-20 01:42:33,2362,0.0,0.0008467401,0.0,0.0008467401,0.0050804403,0.0,0.0059271804,1
owocki/emojibot,10,3,1,0,0,0,1,0,8,3.0,61633798,owocki/emojibot,https://github.com/owocki/emojibot,2016-06-21 12:56:20,Python,,37,4,37,10,136,owocki/emojibot,2,0,2,0,30,10,4,14,0,0,0,0,9,owocki/emojibot,2016-06-21 12:56:20,2117,0.0,0.0009447331,0.0,0.0009447331,0.0141709967,0.0,0.0151157298,1
uArm-Developer/pyuarm,8,0,0,0,0,0,0,1,7,0.0,47294705,uArm-Developer/pyuarm,https://github.com/uArm-Developer/pyuarm,2015-12-02 23:24:17,Python,,36,25,36,5,135,uArm-Developer/pyuarm,6,0,2,0,165,5,8,13,0,1,1,0,13,uArm-Developer/pyuarm,2015-12-02 23:24:17,2319,0.0,0.0025873221,0.0,0.0008624407,0.0711513583,0.0,0.07201379899999999,1
phate89/Mediaset-Play-plugin.video.videomediaset,13,0,0,3,0,3,6,0,0,0.0,56671902,phate89/Mediaset-Play-plugin.video.videomediaset,https://github.com/phate89/Mediaset-Play-plugin.video.videomediaset,2016-04-20 08:59:39,Python,,35,19,35,7,134,phate89/Mediaset-Play-plugin.video.videomediaset,9,102923,16,24,71,6,40,46,1,14,15,0,6,phate89/Mediaset-Play-plugin.video.videomediaset,2016-04-20 08:59:39,2179,47.2340523176,0.004130335,0.0110142267,0.0073428178,0.032583754,1.5,1.5399265718,0
anna-hope/phonemes,0,0,0,0,0,1,2,0,0,0.0,40610136,anna-hope/phonemes,https://github.com/anna-hope/phonemes,2015-08-12 15:59:13,Python,,34,8,34,7,133,anna-hope/phonemes,6,0,2,0,30,5,3,8,2,5,7,0,6,anna-hope/phonemes,2015-08-12 15:59:13,2431,0.0,0.0024681201,0.0,0.0008227067,0.0123406006,0.0,0.0131633073,1
eregs/regulations-parser,0,2,0,0,0,2,6,0,0,0.0,27612788,eregs/regulations-parser,https://github.com/eregs/regulations-parser,2014-12-05 22:22:48,Python,,33,38,33,68,132,eregs/regulations-parser,30,0,2,0,2439,53,50,103,18,289,307,1,55,eregs/regulations-parser,2014-12-05 22:22:48,2681,0.0,0.0111898545,0.0,0.0007459903,0.9097351734,0.0,0.9104811637,0
HackBulgaria/Programming101-Python,33,2,0,0,0,0,2,0,2,0.0,45478585,HackBulgaria/Programming101-Python,https://github.com/HackBulgaria/Programming101-Python,2015-11-03 16:13:02,Python,,32,25,32,0,131,HackBulgaria/Programming101-Python,5,0,2,0,175,0,0,0,0,0,0,0,11,HackBulgaria/Programming101-Python,2015-11-03 16:13:02,2348,0.0,0.0021294719,0.0,0.0008517888,0.0745315162,0.0,0.075383305,1
arahuja/generative-tf,0,0,0,0,0,0,1,0,0,2.0,47999710,arahuja/generative-tf,https://github.com/arahuja/generative-tf,2015-12-14 20:34:01,Python,,31,2,31,1,130,arahuja/generative-tf,1,0,2,0,13,1,0,1,0,0,0,0,3,arahuja/generative-tf,2015-12-14 20:34:01,2307,0.0,0.0004334634,0.0,0.0008669267,0.0056350238,0.0,0.0065019505,1
kattrali/weemoji,3,0,0,0,0,1,2,0,2,1.0,40635619,kattrali/weemoji,https://github.com/kattrali/weemoji,2015-08-13 02:50:40,Python,,30,2,30,5,129,kattrali/weemoji,4,0,2,0,6,4,1,5,1,3,4,0,2,kattrali/weemoji,2015-08-13 02:50:40,2430,0.0,0.0016460905,0.0,0.0008230453,0.0024691358,0.0,0.0032921811000000004,1
mhagiwara/zmifanva,1,0,0,0,0,1,1,0,0,0.0,45222862,mhagiwara/zmifanva,https://github.com/mhagiwara/zmifanva,2015-10-30 01:59:38,Python,,29,5,29,2,128,mhagiwara/zmifanva,1,0,2,0,24,2,4,6,0,0,0,0,3,mhagiwara/zmifanva,2015-10-30 01:59:38,2352,0.0,0.0004251701,0.0,0.0008503401,0.0102040816,0.0,0.011054421699999999,1
ha2emnomer/Deep-Trading,0,1,0,0,0,1,1,0,0,0.0,61740702,ha2emnomer/Deep-Trading,https://github.com/ha2emnomer/Deep-Trading,2016-06-22 18:06:17,Python,,28,16,28,1,127,ha2emnomer/Deep-Trading,1,0,2,0,5,1,0,1,0,0,0,0,3,ha2emnomer/Deep-Trading,2016-06-22 18:06:17,2116,0.0,0.0004725898,0.0,0.0009451796,0.002362949,0.0,0.0033081286,1
jyunfan/poloniex-data,0,0,0,0,0,0,0,0,0,0.0,61970152,jyunfan/poloniex-data,https://github.com/jyunfan/poloniex-data,2016-06-26 02:22:38,Python,,27,10,27,2,126,jyunfan/poloniex-data,1,0,2,0,2,1,0,1,1,0,1,0,1,jyunfan/poloniex-data,2016-06-26 02:22:38,2112,0.0,0.0004734848,0.0,0.0009469697,0.0009469697,0.0,0.0018939394,1
damsonn/django-docker-compose,8,0,0,0,0,0,4,0,2,1.0,44584724,damsonn/django-docker-compose,https://github.com/damsonn/django-docker-compose,2015-10-20 05:43:52,Python,,26,8,26,0,125,damsonn/django-docker-compose,2,0,2,0,6,0,0,0,0,0,0,0,4,damsonn/django-docker-compose,2015-10-20 05:43:52,2362,0.0,0.0008467401,0.0,0.0008467401,0.0025402202,0.0,0.0033869602999999997,1
joycex99/hp-word-model,0,0,0,0,0,0,0,0,0,0.0,62122422,joycex99/hp-word-model,https://github.com/joycex99/hp-word-model,2016-06-28 08:09:08,Python,,25,5,25,0,124,joycex99/hp-word-model,1,0,2,0,4,0,0,0,0,0,0,0,1,joycex99/hp-word-model,2016-06-28 08:09:08,2110,0.0,0.0004739336,0.0,0.0009478673,0.0018957346,0.0,0.0028436019,1
mjg59/python-tikteck,0,0,0,0,0,1,1,0,0,2.0,62841894,mjg59/python-tikteck,https://github.com/mjg59/python-tikteck,2016-07-07 22:26:42,Python,,24,8,24,3,123,mjg59/python-tikteck,3,0,2,0,10,2,4,6,1,1,2,0,2,mjg59/python-tikteck,2016-07-07 22:26:42,2101,0.0,0.0014278915,0.0,0.0009519277,0.0047596383,0.0,0.0057115659999999995,1
shancang/spider,0,0,0,0,0,0,0,0,0,0.0,61354356,shancang/spider,https://github.com/shancang/spider,2016-06-17 07:27:31,Python,,23,7,23,0,122,shancang/spider,1,0,2,0,21,0,4,4,0,0,0,0,4,shancang/spider,2016-06-17 07:27:31,2121,0.0,0.0004714757,0.0,0.0009429514,0.0099009901,0.0,0.010843941499999999,1
matloff/omsi,39,1,0,0,0,1,2,0,0,16.0,44199348,matloff/omsi,https://github.com/matloff/omsi,2015-10-13 19:23:04,Python,,22,15,22,9,121,matloff/omsi,15,0,2,0,382,4,2,6,6,4,10,0,99,matloff/omsi,2015-10-13 19:23:04,2369,0.0,0.0063317856,0.0,0.0008442381,0.1612494724,0.0,0.16209371050000002,0
saltstack/pytest-logging,4,0,0,0,0,0,0,0,17,0.0,45468531,saltstack/pytest-logging,https://github.com/saltstack/pytest-logging,2015-11-03 13:34:22,Python,,21,6,21,0,120,saltstack/pytest-logging,1,0,2,0,13,0,6,6,0,2,2,0,3,saltstack/pytest-logging,2015-11-03 13:34:22,2348,0.0,0.0004258944,0.0,0.0008517888,0.0055366269,0.0,0.0063884157,1
King-Kuhn/docker_registry_clean,0,0,0,0,0,0,0,0,0,0.0,44957796,King-Kuhn/docker_registry_clean,https://github.com/King-Kuhn/docker_registry_clean,2015-10-26 09:17:32,Python,,19,6,19,0,118,King-Kuhn/docker_registry_clean,1,0,2,0,11,0,0,0,0,0,0,0,6,King-Kuhn/docker_registry_clean,2015-10-26 09:17:32,2356,0.0,0.0004244482,0.0,0.0008488964,0.0046689304,0.0,0.0055178268,1
Hugoch/flights-analysis,0,1,0,0,0,0,0,0,0,0.0,44564531,Hugoch/flights-analysis,https://github.com/Hugoch/flights-analysis,2015-10-19 21:14:39,Python,,18,5,18,0,117,Hugoch/flights-analysis,1,0,2,0,5,0,1,1,0,0,0,0,3,Hugoch/flights-analysis,2015-10-19 21:14:39,2363,0.0,0.0004231909,0.0,0.0008463817,0.0021159543,0.0,0.002962336,1
ratazzi/tesseract-ocr,0,0,0,0,0,0,0,0,0,0.0,43196300,ratazzi/tesseract-ocr,https://github.com/ratazzi/tesseract-ocr,2015-09-26 07:14:55,Python,,17,5,17,1,116,ratazzi/tesseract-ocr,2,0,2,0,5,1,0,1,0,0,0,0,3,ratazzi/tesseract-ocr,2015-09-26 07:14:55,2386,0.0,0.000838223,0.0,0.000838223,0.0020955574,0.0,0.0029337804,1
ajschumacher/mergic,0,0,0,0,0,0,0,0,24,0.0,34932259,ajschumacher/mergic,https://github.com/ajschumacher/mergic,2015-05-02 01:59:07,Python,,16,4,16,15,115,ajschumacher/mergic,1,0,2,0,161,15,32,47,0,0,0,7,28,ajschumacher/mergic,2015-05-02 01:59:07,2533,0.0,0.0003947888,0.0,0.0007895776,0.0635609949,0.0,0.0643505725,1
rackerlabs/kthresher,2,0,0,0,0,0,0,0,5,0.0,43979167,rackerlabs/kthresher,https://github.com/rackerlabs/kthresher,2015-10-09 20:41:44,Python,,15,11,15,2,114,rackerlabs/kthresher,8,0,2,0,148,2,17,19,0,67,67,1,25,rackerlabs/kthresher,2015-10-09 20:41:44,2373,0.0,0.00337126,0.0,0.000842815,0.0623683102,0.0,0.0632111252,1
shantnu/PandasLargeFiles,0,0,0,0,0,0,0,0,0,0.0,34955384,shantnu/PandasLargeFiles,https://github.com/shantnu/PandasLargeFiles,2015-05-02 16:41:30,Python,,14,8,14,0,113,shantnu/PandasLargeFiles,3,0,2,0,9,0,0,0,0,1,1,0,1,shantnu/PandasLargeFiles,2015-05-02 16:41:30,2533,0.0,0.0011843664,0.0,0.0007895776,0.0035530991,0.0,0.0043426767,1
NemProject/nem-slack-telegram,0,0,0,0,0,0,0,0,0,0.0,43237687,NemProject/nem-slack-telegram,https://github.com/NemProject/nem-slack-telegram,2015-09-27 07:01:29,Python,,13,4,13,4,112,NemProject/nem-slack-telegram,6,0,2,0,42,3,3,6,0,4,4,0,2,NemProject/nem-slack-telegram,2015-09-27 07:01:29,2385,0.0,0.0025157233,0.0,0.0008385744,0.0176100629,0.0,0.0184486373,1
badlogicmanpreet/htm-drivefailures,0,1,0,0,0,0,0,0,0,0.0,43193414,badlogicmanpreet/htm-drivefailures,https://github.com/badlogicmanpreet/htm-drivefailures,2015-09-26 05:29:46,Python,,12,6,12,0,111,badlogicmanpreet/htm-drivefailures,2,0,2,0,22,0,0,0,0,0,0,0,7,badlogicmanpreet/htm-drivefailures,2015-09-26 05:29:46,2386,0.0,0.000838223,0.0,0.000838223,0.0092204526,0.0,0.0100586756,1
schollz/string_matching,0,0,0,0,0,1,2,0,5,7.5,34988387,schollz/string_matching,https://github.com/schollz/string_matching,2015-05-03 14:20:28,Python,,11,6,11,0,110,schollz/string_matching,2,0,2,0,14,0,0,0,0,0,0,0,7,schollz/string_matching,2015-05-03 14:20:28,2532,0.0,0.0007898894,0.0,0.0007898894,0.0055292259,0.0,0.006319115300000001,1
mgaggero/Adafruit_Python_HTU21D,9,0,0,0,0,0,0,0,4,0.0,34917044,mgaggero/Adafruit_Python_HTU21D,https://github.com/mgaggero/Adafruit_Python_HTU21D,2015-05-01 18:24:15,Python,,10,1,10,0,109,mgaggero/Adafruit_Python_HTU21D,1,0,2,0,12,0,2,2,0,0,0,0,7,mgaggero/Adafruit_Python_HTU21D,2015-05-01 18:24:15,2534,0.0,0.000394633,0.0,0.000789266,0.0047355959,0.0,0.005524861900000001,1
stephane-caron/analytical-wrench-cone,4,1,0,0,0,5,10,0,6,0.0,44362904,stephane-caron/analytical-wrench-cone,https://github.com/stephane-caron/analytical-wrench-cone,2015-10-16 04:49:37,Python,,9,3,9,0,108,stephane-caron/analytical-wrench-cone,2,0,2,0,31,0,2,2,0,0,0,0,25,stephane-caron/analytical-wrench-cone,2015-10-16 04:49:37,2366,0.0,0.0008453085,0.0,0.0008453085,0.0131022823,0.0,0.0139475908,1
lazarogamio/datadoc,3,0,0,0,0,0,0,0,3,0.0,35504318,lazarogamio/datadoc,https://github.com/lazarogamio/datadoc,2015-05-12 18:03:49,Python,,8,3,8,0,107,lazarogamio/datadoc,3,0,2,0,8,0,0,0,0,2,2,0,4,lazarogamio/datadoc,2015-05-12 18:03:49,2523,0.0,0.0011890606,0.0,0.0007927071,0.0031708284,0.0,0.0039635354999999995,1
deepc94/facerec-lock,7,0,0,0,0,1,2,1,0,6.0,34923673,deepc94/facerec-lock,https://github.com/deepc94/facerec-lock,2015-05-01 20:56:47,Python,,7,9,7,0,106,deepc94/facerec-lock,1,0,2,0,4,0,0,0,0,0,0,0,2,deepc94/facerec-lock,2015-05-01 20:56:47,2534,0.0,0.000394633,0.0,0.000789266,0.001578532,0.0,0.002367798,1
mixedCase/kivymd,0,0,0,0,0,0,0,0,0,0.0,34998570,mixedCase/kivymd,https://github.com/mixedCase/kivymd,2015-05-03 19:51:03,Python,,6,7,6,1,105,mixedCase/kivymd,2,0,2,0,61,0,0,0,0,1,1,0,4,mixedCase/kivymd,2015-05-03 19:51:03,2532,0.0,0.0007898894,0.0,0.0007898894,0.0240916272,0.0,0.0248815166,1
eerimoq/expect,0,0,0,0,0,0,0,0,0,0.0,34984572,eerimoq/expect,https://github.com/eerimoq/expect,2015-05-03 12:02:13,Python,,5,1,5,0,104,eerimoq/expect,3,0,2,0,23,0,0,0,0,0,0,0,5,eerimoq/expect,2015-05-03 12:02:13,2532,0.0,0.0011848341,0.0,0.0007898894,0.0090837283,0.0,0.0098736177,1
tyiannak/pySLRF,0,0,0,0,0,0,0,0,0,4.0,35570608,tyiannak/pySLRF,https://github.com/tyiannak/pySLRF,2015-05-13 19:43:46,Python,,4,0,4,0,103,tyiannak/pySLRF,1,0,2,0,5,0,0,0,0,0,0,0,2,tyiannak/pySLRF,2015-05-13 19:43:46,2522,0.0,0.0003965107,0.0,0.0007930214,0.0019825535,0.0,0.0027755749,1
Saviio/Clawer,0,0,0,0,0,0,0,0,0,0.0,34948699,Saviio/Clawer,https://github.com/Saviio/Clawer,2015-05-02 13:27:06,Python,,3,3,3,0,102,Saviio/Clawer,2,0,2,0,3,0,0,0,0,0,0,0,3,Saviio/Clawer,2015-05-02 13:27:06,2533,0.0,0.0007895776,0.0,0.0007895776,0.0011843664,0.0,0.001973944,1
gillenbrown/rsz,0,0,0,0,0,1,1,1,0,0.0,34923955,gillenbrown/rsz,https://github.com/gillenbrown/rsz,2015-05-01 21:05:01,Python,,2,1,2,0,101,gillenbrown/rsz,3,0,2,0,117,0,1,1,0,2,2,0,6,gillenbrown/rsz,2015-05-01 21:05:01,2534,0.0,0.001183899,0.0,0.000789266,0.04617206,0.0,0.046961326,1
