Name,List,Image,Animation,Video,Table,Github,Links,Project,Inline,Code,repository_ID,fullname_x,URL,created_date,language,description,number_of_stars,num_of_forks,num_of_watchers,open_issue_count,repo_id,repository,fullname_y,open_prs,closed_prs,total_prs,community,downloads,releases,assets,commits,open_issues,closed_issues,total_issues,readme_issues,readme_commits,Rank,Rank_real,star_rank,fork_rank,watchers_rank,pullrequest_rank,label
torvalds/linux,0,0,0,0,0,0,0,0,2,0.0,2325298,torvalds/linux,https://github.com/torvalds/linux,2011-09-04 22:48:12,C,,122182,40058,122182,324,0,torvalds/linux,torvalds/linux,316,419,735,29679,0,0,0,1074192,0,0,0,0,46,768.0,196.0,199.0,199.0,199.0,171.0,1
Genymobile/scrcpy,54,3,0,1,0,1,2,0,63,65.0,111583593,Genymobile/scrcpy,https://github.com/Genymobile/scrcpy,2017-11-21 18:00:27,C,,58323,6082,58323,861,3,Genymobile/scrcpy,Genymobile/scrcpy,26,264,290,110,370808,27,138,1762,921,1854,2775,7,263,737.0,193.0,198.0,187.0,198.0,154.0,1
netdata/netdata,37,20,1,0,0,6,41,1,5,2.0,10744183,netdata/netdata,https://github.com/netdata/netdata,2013-06-17 18:39:10,C,,56950,5120,56950,267,4,netdata/netdata,netdata/netdata,91,5584,5675,575,435971,30,131,13491,183,6364,6547,0,290,771.0,198.0,197.0,184.0,197.0,193.0,1
redis/redis,52,0,0,0,0,0,1,0,89,1.0,156018,redis/redis,https://github.com/redis/redis,2009-03-21 22:32:25,C,,52099,20373,52099,2094,1,redis/redis,redis/redis,452,4509,4961,671,0,28,0,11000,1606,3676,5282,6,53,780.0,199.0,196.0,196.0,196.0,192.0,1
git/git,4,1,0,0,0,1,4,0,4,0.0,36502,git/git,https://github.com/git/git,2008-07-23 14:21:26,C,,40324,22576,40324,99,2,git/git,git/git,87,938,1025,2230,0,0,0,66077,0,0,0,0,19,763.0,195.0,195.0,197.0,195.0,176.0,1
obsproject/obs-studio,12,0,0,0,0,0,4,6,3,0.0,13233158,obsproject/obs-studio,https://github.com/obsproject/obs-studio,2013-10-01 02:40:31,C,,33638,5385,33638,610,7,obsproject/obs-studio,obsproject/obs-studio,151,3741,3892,555,362213,30,83,10536,483,1501,1984,0,20,762.0,194.0,194.0,185.0,194.0,189.0,1
php/php-src,4,4,0,0,0,1,17,0,11,0.0,1903522,php/php-src,https://github.com/php/php-src,2011-06-16 01:52:25,C,,32784,6949,32784,265,5,php/php-src,php/php-src,248,7604,7852,1334,0,0,0,127798,82,168,250,3,33,769.0,197.0,193.0,189.0,193.0,194.0,1
wg/wrk,0,0,0,0,0,0,1,0,0,0.0,3774328,wg/wrk,https://github.com/wg/wrk,2012-03-20 11:12:28,C,,30731,2526,30731,160,13,wg/wrk,wg/wrk,49,0,49,1,0,0,0,80,111,252,363,0,1,662.0,172.0,192.0,157.0,192.0,121.0,1
bilibili/ijkplayer,67,2,0,3,0,7,21,0,0,9.0,10446890,bilibili/ijkplayer,https://github.com/bilibili/ijkplayer,2013-06-03 04:12:04,C,,29679,7673,29679,2694,6,bilibili/ijkplayer,bilibili/ijkplayer,59,162,221,62,0,0,0,2627,2658,2491,5149,0,178,721.0,188.0,191.0,192.0,191.0,147.0,1
ventoy/Ventoy,28,6,0,0,0,1,31,0,2,0.0,246335987,ventoy/Ventoy,https://github.com/ventoy/Ventoy,2020-03-10 15:19:19,C,,28939,2157,28939,257,16,ventoy/Ventoy,ventoy/Ventoy,44,173,217,60,511899,30,87,623,257,902,1159,0,58,679.0,182.0,190.0,153.0,190.0,146.0,1
FFmpeg/FFmpeg,11,0,0,0,0,0,5,0,9,0.0,1614410,FFmpeg/FFmpeg,https://github.com/FFmpeg/FFmpeg,2011-04-14 14:12:38,C,,27167,8946,27167,3,8,FFmpeg/FFmpeg,FFmpeg/FFmpeg,1,373,374,2144,8154,11,9,105885,0,0,0,0,11,729.0,191.0,189.0,193.0,189.0,158.0,1
tmux/tmux,6,0,0,0,0,0,0,0,0,0.0,36836475,tmux/tmux,https://github.com/tmux/tmux,2015-06-03 23:32:55,C,,23232,1627,23232,32,24,tmux/tmux,tmux/tmux,2,460,462,49,1878844,30,32,9721,21,2614,2635,0,34,677.0,180.0,188.0,140.0,188.0,161.0,1
ggreer/the_silver_searcher,41,3,0,0,0,9,23,0,14,0.0,2810455,ggreer/the_silver_searcher,https://github.com/ggreer/the_silver_searcher,2011-11-19 19:50:47,C,,22958,1312,22958,503,28,ggreer/the_silver_searcher,ggreer/the_silver_searcher,0,552,552,250,0,0,0,2057,389,402,791,2,151,672.0,179.0,187.0,131.0,187.0,167.0,1
curl/curl,0,22,0,0,0,0,26,0,0,0.0,569041,curl/curl,https://github.com/curl/curl,2010-03-18 22:32:22,C,,22742,4761,22742,40,10,curl/curl,curl/curl,45,0,45,1086,43790,30,240,28334,19,3182,3201,1,37,671.0,177.0,186.0,181.0,186.0,118.0,1
cfenollosa/os-tutorial,27,0,0,0,0,0,4,0,2,0.0,24586308,cfenollosa/os-tutorial,https://github.com/cfenollosa/os-tutorial,2014-09-29 08:39:34,C,,22081,2715,22081,94,18,cfenollosa/os-tutorial,cfenollosa/os-tutorial,45,43,88,14,0,0,0,147,54,87,141,1,16,658.0,169.0,185.0,162.0,185.0,126.0,1
pjreddie/darknet,8,5,0,0,0,0,2,0,0,2.0,18666758,pjreddie/darknet,https://github.com/pjreddie/darknet,2014-04-11 07:59:16,C,,21845,18855,21845,1878,9,pjreddie/darknet,pjreddie/darknet,162,88,250,12,0,0,0,452,1740,526,2266,0,17,712.0,187.0,184.0,195.0,184.0,149.0,1
emscripten-core/emscripten,0,2,0,0,0,1,10,0,2,0.0,1357796,emscripten-core/emscripten,https://github.com/emscripten-core/emscripten,2011-02-12 05:23:30,C,,21511,2700,21511,1099,20,emscripten-core/emscripten,emscripten-core/emscripten,235,8811,9046,743,0,1,0,23873,984,6249,7233,0,14,723.0,189.0,183.0,161.0,183.0,196.0,1
stedolan/jq,0,6,0,0,0,2,12,0,10,0.0,5101141,stedolan/jq,https://github.com/stedolan/jq,2012-07-18 19:57:25,C,,20782,1232,20782,706,31,stedolan/jq,stedolan/jq,129,383,512,142,2418034,9,42,1340,605,1265,1870,2,22,657.0,168.0,182.0,129.0,182.0,164.0,1
julycoding/The-Art-Of-Programming-By-July,121,0,0,0,0,3,5,0,0,0.0,15183485,julycoding/The-Art-Of-Programming-By-July,https://github.com/julycoding/The-Art-Of-Programming-By-July,2013-12-14 10:00:06,C,,20161,7142,20161,67,11,julycoding/The-Art-Of-Programming-By-July,julycoding/The-Art-Of-Programming-By-July,21,0,21,120,0,0,0,3646,47,83,130,0,431,659.0,170.0,181.0,190.0,181.0,107.0,1
SamyPesse/How-to-Make-a-Computer-Operating-System,0,1,0,0,0,3,4,1,0,0.0,14807173,SamyPesse/How-to-Make-a-Computer-Operating-System,https://github.com/SamyPesse/How-to-Make-a-Computer-Operating-System,2013-11-29 17:36:32,C,,19634,3358,19634,83,15,SamyPesse/How-to-Make-a-Computer-Operating-System,SamyPesse/How-to-Make-a-Computer-Operating-System,39,55,94,40,0,1,0,243,44,27,71,1,34,664.0,175.0,180.0,175.0,180.0,129.0,1
coolsnowwolf/lede,24,4,0,0,0,0,3,0,4,5.0,102578345,coolsnowwolf/lede,https://github.com/coolsnowwolf/lede,2017-09-06 07:39:03,C,,18866,15686,18866,208,12,coolsnowwolf/lede,coolsnowwolf/lede,3,0,3,346,32313,2,3,4319,275,6048,6323,0,27,628.0,165.0,179.0,194.0,179.0,76.0,1
libuv/libuv,22,0,0,0,0,8,19,0,15,19.0,14812739,libuv/libuv,https://github.com/libuv/libuv,2013-11-30 00:29:56,C,,18531,2992,18531,152,22,libuv/libuv,libuv/libuv,62,1890,1952,537,0,3,0,4948,104,1315,1419,11,89,707.0,186.0,178.0,167.0,178.0,184.0,1
Awesome-HarmonyOS/HarmonyOS,38,6,0,2,0,2,5,0,7,0.0,201454051,Awesome-HarmonyOS/HarmonyOS,https://github.com/Awesome-HarmonyOS/HarmonyOS,2019-08-09 11:24:00,C,,18373,3319,18373,51,21,Awesome-HarmonyOS/HarmonyOS,Awesome-HarmonyOS/HarmonyOS,15,31,46,16,0,0,0,78,0,0,0,0,32,646.0,167.0,177.0,173.0,177.0,119.0,1
robertdavidgraham/masscan,41,1,0,0,0,0,2,0,75,1.0,11715753,robertdavidgraham/masscan,https://github.com/robertdavidgraham/masscan,2013-07-28 05:35:33,C,,18161,2612,18161,332,26,robertdavidgraham/masscan,robertdavidgraham/masscan,37,0,37,65,0,11,0,705,309,150,459,0,46,626.0,164.0,176.0,160.0,176.0,114.0,1
go-delve/delve,11,4,0,0,0,1,4,0,0,0.0,19994257,go-delve/delve,https://github.com/go-delve/delve,2014-05-20 19:24:43,C,,17392,1760,17392,132,33,go-delve/delve,go-delve/delve,9,1531,1540,189,0,17,0,2214,105,1261,1366,4,88,671.0,177.0,175.0,142.0,175.0,179.0,1
taosdata/TDengine,22,6,0,0,0,8,29,0,2,34.0,196353673,taosdata/TDengine,https://github.com/taosdata/TDengine,2019-07-11 08:33:48,C,,17376,4149,17376,467,19,taosdata/TDengine,taosdata/TDengine,12,7946,7958,260,0,30,0,23834,496,2060,2556,0,91,723.0,189.0,174.0,180.0,174.0,195.0,1
nothings/stb,5,0,0,0,0,2,2,0,0,0.0,20159867,nothings/stb,https://github.com/nothings/stb,2014-05-25 16:51:23,C,,17341,6075,17341,106,17,nothings/stb,nothings/stb,51,537,588,218,0,0,0,2126,78,593,671,2,177,700.0,184.0,173.0,186.0,173.0,168.0,1
openssl/openssl,27,0,0,0,0,0,3,0,0,0.0,7634677,openssl/openssl,https://github.com/openssl/openssl,2013-01-15 22:34:48,C,,17062,7459,17062,1574,14,openssl/openssl,openssl/openssl,0,10604,10604,862,0,0,0,30993,1410,5498,6908,1,19,732.0,192.0,172.0,191.0,172.0,197.0,1
mpv-player/mpv,40,1,0,0,0,4,7,0,17,0.0,6201092,mpv-player/mpv,https://github.com/mpv-player/mpv,2012-10-13 08:08:44,C,,16904,2087,16904,738,34,mpv-player/mpv,mpv-player/mpv,92,2435,2527,583,9224,30,2,49475,687,6552,7239,9,84,678.0,181.0,171.0,149.0,171.0,187.0,1
pbatard/rufus,19,8,0,0,0,10,18,0,1,0.0,2810292,pbatard/rufus,https://github.com/pbatard/rufus,2011-11-19 19:12:05,C,,16825,1739,16825,12,37,pbatard/rufus,pbatard/rufus,0,149,149,158,10878747,30,204,1876,13,1693,1706,3,35,619.0,161.0,170.0,141.0,170.0,138.0,1
arendst/Tasmota,56,16,0,0,0,15,33,0,1,0.0,80286288,arendst/Tasmota,https://github.com/arendst/Tasmota,2017-01-28 13:37:08,C,,16538,3635,16538,21,25,arendst/Tasmota,arendst/Tasmota,11,0,11,426,177565,30,810,14921,7,8459,8466,1,550,601.0,155.0,169.0,176.0,169.0,87.0,1
facebook/zstd,8,3,0,0,0,5,7,0,28,0.0,29759715,facebook/zstd,https://github.com/facebook/zstd,2015-01-24 00:22:38,C,,15916,1514,15916,83,41,facebook/zstd,facebook/zstd,19,0,19,281,1338197,30,148,9517,96,905,1001,2,82,577.0,151.0,168.0,136.0,168.0,105.0,1
radareorg/radare2,29,13,0,0,0,9,27,2,7,2.0,4869294,radareorg/radare2,https://github.com/radareorg/radare2,2012-07-03 07:42:26,C,,15342,2591,15342,836,32,radareorg/radare2,radareorg/radare2,22,11383,11405,1000,2576,30,196,27472,818,7129,7947,0,140,691.0,183.0,167.0,159.0,167.0,198.0,1
gentilkiwi/mimikatz,13,1,0,0,0,0,0,0,17,6.0,18496166,gentilkiwi/mimikatz,https://github.com/gentilkiwi/mimikatz,2014-04-06 18:30:02,C,,14504,2884,14504,126,30,gentilkiwi/mimikatz,gentilkiwi/mimikatz,25,22,47,7,40176,10,20,322,109,228,337,0,16,617.0,159.0,166.0,165.0,166.0,120.0,1
allinurl/goaccess,61,3,0,0,0,6,17,0,25,0.0,11397939,allinurl/goaccess,https://github.com/allinurl/goaccess,2013-07-14 03:42:08,C,,14041,948,14041,336,45,allinurl/goaccess,allinurl/goaccess,8,280,288,147,0,0,0,3701,342,1601,1943,2,335,603.0,157.0,165.0,120.0,165.0,153.0,1
micropython/micropython,17,2,0,0,0,4,6,1,20,0.0,15337142,micropython/micropython,https://github.com/micropython/micropython,2013-12-20 11:47:07,C,,13380,4918,13380,1365,27,micropython/micropython,micropython/micropython,273,0,273,494,29809,12,24,13186,1142,2934,4076,2,86,663.0,173.0,164.0,183.0,164.0,152.0,1
vurtun/nuklear,26,8,2,0,0,13,16,0,3,3.0,32866454,vurtun/nuklear,https://github.com/vurtun/nuklear,2015-03-25 13:32:06,C,,13349,1114,13349,238,46,vurtun/nuklear,vurtun/nuklear,29,239,268,113,0,0,0,1712,207,451,658,1,258,601.0,155.0,163.0,124.0,163.0,151.0,1
iovisor/bcc,135,3,0,1,1,1,7,0,0,1.0,34921116,iovisor/bcc,https://github.com/iovisor/bcc,2015-05-01 19:52:32,C,,13072,2529,13072,649,38,iovisor/bcc,iovisor/bcc,82,2362,2444,534,13443,15,28,4091,608,837,1445,6,166,668.0,176.0,162.0,158.0,162.0,186.0,1
jarun/nnn,109,10,1,0,0,28,57,0,14,0.0,66150122,jarun/nnn,https://github.com/jarun/nnn,2016-08-20 14:10:14,C,,13023,509,13023,1,52,jarun/nnn,jarun/nnn,1,540,541,151,2360,30,350,3872,2,757,759,1,900,593.0,154.0,161.0,105.0,161.0,166.0,1
timescale/timescaledb,26,1,0,0,0,11,35,1,4,2.0,84240850,timescale/timescaledb,https://github.com/timescale/timescaledb,2017-03-07 20:03:41,C,,12166,641,12166,372,50,timescale/timescaledb,timescale/timescaledb,16,2260,2276,82,4199,30,19,3192,382,1418,1800,1,87,617.0,159.0,160.0,112.0,160.0,185.0,1
Foundry376/Mailspring,2,4,0,0,0,9,20,0,0,3.0,70777180,Foundry376/Mailspring,https://github.com/Foundry376/Mailspring,2016-10-13 06:45:50,C,,11867,757,11867,8,51,Foundry376/Mailspring,Foundry376/Mailspring,4,218,222,239,75020,30,202,7389,3,2142,2145,2,141,580.0,153.0,159.0,114.0,159.0,148.0,1
TheAlgorithms/C,7,12,0,0,0,9,20,0,1,0.0,63477515,TheAlgorithms/C,https://github.com/TheAlgorithms/C,2016-07-16 10:17:03,C,,11757,3089,11757,100,35,TheAlgorithms/C,TheAlgorithms/C,16,825,841,209,0,0,0,1379,2,81,83,0,74,660.0,171.0,158.0,170.0,158.0,174.0,1
arut/nginx-rtmp-module,16,0,0,0,0,1,1,0,1,0.0,3714900,arut/nginx-rtmp-module,https://github.com/arut/nginx-rtmp-module,2012-03-14 05:37:38,C,,11468,3249,11468,1053,36,arut/nginx-rtmp-module,arut/nginx-rtmp-module,83,63,146,15,0,0,0,958,982,526,1508,0,34,623.0,162.0,157.0,172.0,157.0,137.0,1
memcached/memcached,4,0,0,0,0,0,0,0,0,0.0,184981,memcached/memcached,https://github.com/memcached/memcached,2009-04-24 23:34:25,C,,11384,3023,11384,67,39,memcached/memcached,memcached/memcached,13,0,13,241,0,0,0,1833,55,348,403,0,13,569.0,146.0,156.0,168.0,156.0,89.0,1
alibaba/tengine,21,1,0,0,0,3,7,1,0,0.0,3784017,alibaba/tengine,https://github.com/alibaba/tengine,2012-03-21 06:34:37,C,,11192,2388,11192,378,43,alibaba/tengine,alibaba/tengine,48,747,795,114,0,8,0,1525,345,465,810,0,23,638.0,166.0,155.0,155.0,155.0,173.0,1
twitter/twemproxy,102,1,0,0,0,19,59,0,8,0.0,3516624,twitter/twemproxy,https://github.com/twitter/twemproxy,2012-02-22 16:53:58,C,,11121,1952,11121,168,44,twitter/twemproxy,twitter/twemproxy,39,0,39,76,1658,5,2,602,133,281,414,6,108,570.0,148.0,154.0,146.0,154.0,116.0,1
qmk/qmk_firmware,7,5,0,0,0,6,11,0,0,0.0,27737393,qmk/qmk_firmware,https://github.com/qmk/qmk_firmware,2014-12-08 22:02:05,C,,11072,23036,11072,783,29,qmk/qmk_firmware,qmk/qmk_firmware,399,13726,14125,2675,0,0,0,20155,465,1886,2351,0,116,703.0,185.0,153.0,198.0,153.0,199.0,1
s-matyukevich/raspberry-pi-os,32,0,0,0,0,2,6,0,0,0.0,95133665,s-matyukevich/raspberry-pi-os,https://github.com/s-matyukevich/raspberry-pi-os,2017-06-22 16:09:36,C,,10975,1065,10975,47,53,s-matyukevich/raspberry-pi-os,s-matyukevich/raspberry-pi-os,4,135,139,59,0,0,0,498,45,60,105,0,41,563.0,142.0,152.0,123.0,152.0,136.0,1
ish-app/ish,17,4,0,0,0,4,11,0,16,0.0,90320494,ish-app/ish,https://github.com/ish-app/ish,2017-05-05 00:10:35,C,,10924,585,10924,353,63,ish-app/ish,ish-app/ish,15,241,256,60,38,30,90,3005,369,971,1340,4,57,560.0,139.0,151.0,108.0,151.0,150.0,1
hashcat/hashcat,8,1,0,0,0,2,6,1,4,1.0,47409672,hashcat/hashcat,https://github.com/hashcat/hashcat,2015-12-04 14:46:51,C,,10923,1867,10923,124,47,hashcat/hashcat,hashcat/hashcat,7,1559,1566,120,64516,23,14,8334,131,1487,1618,0,22,624.0,163.0,150.0,144.0,150.0,180.0,1
cloudwu/skynet,2,1,0,0,0,0,0,0,0,3.0,5254557,cloudwu/skynet,https://github.com/cloudwu/skynet,2012-08-01 03:30:42,C,,10764,3736,10764,12,40,cloudwu/skynet,cloudwu/skynet,5,0,5,123,0,30,0,2083,12,810,822,0,39,554.0,133.0,149.0,178.0,149.0,78.0,1
octalmage/robotjs,22,4,1,0,0,15,23,1,2,6.0,23515024,octalmage/robotjs,https://github.com/octalmage/robotjs,2014-08-31 14:13:47,C,,10679,788,10679,143,60,octalmage/robotjs,octalmage/robotjs,24,0,24,60,1479,30,241,651,129,419,548,0,101,520.0,121.0,148.0,116.0,148.0,108.0,1
google/brotli,3,3,0,0,0,8,17,0,3,0.0,24993138,google/brotli,https://github.com/google/brotli,2014-10-09 14:35:14,C,,10622,1015,10622,85,56,google/brotli,google/brotli,10,0,10,91,8157,16,65,1042,69,257,326,3,35,501.0,113.0,147.0,122.0,147.0,85.0,1
jonas/tig,6,0,0,0,0,0,0,0,0,0.0,140656,jonas/tig,https://github.com/jonas/tig,2009-03-01 20:39:25,C,,10446,579,10446,199,69,jonas/tig,jonas/tig,23,431,454,186,78780,25,31,2732,162,559,721,1,15,559.0,136.0,146.0,107.0,146.0,160.0,1
skywind3000/kcp,65,5,0,0,0,40,53,1,0,7.0,28515839,skywind3000/kcp,https://github.com/skywind3000/kcp,2014-12-26 16:46:34,C,,10408,2033,10408,133,48,skywind3000/kcp,skywind3000/kcp,13,44,57,28,0,4,0,219,133,158,291,0,113,561.0,141.0,145.0,148.0,145.0,123.0,1
reactos/reactos,0,2,0,0,0,5,29,0,2,0.0,105627846,reactos/reactos,https://github.com/reactos/reactos,2017-10-03 08:04:52,C,,10133,1216,10133,215,57,reactos/reactos,reactos/reactos,206,0,206,332,2035,8,11,81279,0,0,0,0,40,559.0,136.0,144.0,126.0,144.0,145.0,1
andlabs/libui,32,5,0,0,0,27,35,0,12,2.0,34088285,andlabs/libui,https://github.com/andlabs/libui,2015-04-17 00:35:54,C,,10099,604,10099,249,70,andlabs/libui,andlabs/libui,82,94,176,41,2172,7,65,3957,172,191,363,6,152,540.0,128.0,143.0,111.0,143.0,143.0,1
openwrt/openwrt,17,1,0,1,0,4,15,0,7,1.0,45821540,openwrt/openwrt,https://github.com/openwrt/openwrt,2015-11-09 07:13:55,C,,10087,6506,10087,444,42,openwrt/openwrt,openwrt/openwrt,263,4596,4859,1092,0,1,0,53530,1437,3083,4520,0,11,663.0,173.0,142.0,188.0,142.0,191.0,1
openresty/openresty,8,0,0,0,0,0,4,0,7,2.0,480080,openresty/openresty,https://github.com/openresty/openresty,2010-01-20 03:57:59,C,,10032,1332,10032,223,58,openresty/openresty,openresty/openresty,7,165,172,34,29931,13,18,1644,224,416,640,1,22,556.0,134.0,141.0,132.0,141.0,142.0,1
woltapp/blurhash,33,2,0,1,0,25,30,0,1,0.0,193885464,woltapp/blurhash,https://github.com/woltapp/blurhash,2019-06-26 10:45:33,C,,9841,220,9841,91,80,woltapp/blurhash,woltapp/blurhash,60,54,114,41,0,0,0,252,38,13,51,2,41,513.0,117.0,140.0,101.0,140.0,132.0,1
swaywm/sway,11,0,0,0,0,0,0,0,4,0.0,40217904,swaywm/sway,https://github.com/swaywm/sway,2015-08-05 01:31:45,C,,9790,829,9790,620,71,swaywm/sway,swaywm/sway,103,0,103,471,7256,30,48,6887,550,3151,3701,2,153,525.0,124.0,139.0,117.0,139.0,130.0,1
jedisct1/libsodium,1,9,0,0,0,5,16,1,2,0.0,7710647,jedisct1/libsodium,https://github.com/jedisct1/libsodium,2013-01-20 00:03:40,C,,9737,1514,9737,3,61,jedisct1/libsodium,jedisct1/libsodium,0,329,329,131,8440902,30,50,4039,2,763,765,0,136,569.0,146.0,138.0,136.0,138.0,157.0,1
h2o/h2o,0,2,0,0,0,2,6,0,0,0.0,23029617,h2o/h2o,https://github.com/h2o/h2o,2014-08-16 23:59:03,C,,9670,758,9670,618,77,h2o/h2o,h2o/h2o,86,1628,1714,148,0,30,0,10025,539,688,1227,1,94,570.0,148.0,136.0,115.0,136.0,183.0,1
openresty/lua-nginx-module,530,2,0,13,0,106,242,0,883,258.0,613829,openresty/lua-nginx-module,https://github.com/openresty/lua-nginx-module,2010-04-16 15:59:01,C,,9670,1901,9670,320,55,openresty/lua-nginx-module,openresty/lua-nginx-module,61,0,61,144,0,0,0,3731,237,958,1195,1,805,541.0,129.0,136.0,145.0,136.0,124.0,1
koekeishiya/yabai,3,2,0,0,0,3,4,0,0,0.0,184909163,koekeishiya/yabai,https://github.com/koekeishiya/yabai,2019-05-04 15:00:50,C,,9597,346,9597,163,85,koekeishiya/yabai,koekeishiya/yabai,6,47,53,4,78149,30,30,1087,201,803,1004,3,33,495.0,111.0,135.0,103.0,135.0,122.0,1
apple/darwin-xnu,37,0,0,0,0,0,0,0,48,0.0,93205465,apple/darwin-xnu,https://github.com/apple/darwin-xnu,2017-06-02 21:33:51,C,,9466,1466,9466,0,68,apple/darwin-xnu,apple/darwin-xnu,1,28,29,1,0,0,0,123,0,0,0,0,9,514.0,119.0,134.0,135.0,134.0,111.0,1
postgres/postgres,0,0,0,0,0,0,0,0,0,0.0,927442,postgres/postgres,https://github.com/postgres/postgres,2010-09-21 11:35:45,C,,9272,3037,9272,0,49,postgres/postgres,postgres/postgres,1,77,78,53,0,0,0,53143,0,0,0,0,42,560.0,139.0,133.0,169.0,133.0,125.0,1
SpacehuhnTech/esp8266_deauther,16,2,0,0,0,17,25,0,1,0.0,78281075,SpacehuhnTech/esp8266_deauther,https://github.com/SpacehuhnTech/esp8266_deauther,2017-01-07 13:39:23,C,,9261,2020,9261,67,62,SpacehuhnTech/esp8266_deauther,SpacehuhnTech/esp8266_deauther,3,125,128,60,318803,18,257,769,80,758,838,0,115,546.0,130.0,132.0,147.0,132.0,135.0,1
Tencent/wcdb,55,5,0,0,0,5,7,0,43,10.0,90961634,Tencent/wcdb,https://github.com/Tencent/wcdb,2017-05-11 09:25:03,C,,9250,1224,9250,219,74,Tencent/wcdb,Tencent/wcdb,3,34,37,22,267,12,40,1070,224,589,813,1,44,504.0,114.0,131.0,128.0,131.0,114.0,1
phpredis/phpredis,231,10,0,0,0,3,20,1,155,1.0,1482997,phpredis/phpredis,https://github.com/phpredis/phpredis,2011-03-15 14:40:14,C,,9183,2088,9183,143,64,phpredis/phpredis,phpredis/phpredis,17,615,632,176,0,0,0,2708,130,1308,1438,10,377,579.0,152.0,130.0,150.0,130.0,169.0,1
haiwen/seafile,39,1,0,0,0,4,10,0,0,0.0,4999959,haiwen/seafile,https://github.com/haiwen/seafile,2012-07-12 06:47:55,C,,9169,1367,9169,141,73,haiwen/seafile,haiwen/seafile,6,0,6,87,0,30,0,2238,154,1929,2083,1,53,470.0,107.0,129.0,133.0,129.0,79.0,1
webview/webview,25,4,0,0,0,6,10,0,35,8.0,100781035,webview/webview,https://github.com/webview/webview,2017-08-19 08:26:00,C,,9155,719,9155,276,87,webview/webview,webview/webview,12,138,150,58,0,0,0,379,229,304,533,0,67,508.0,115.0,128.0,113.0,128.0,139.0,1
fogleman/Craft,31,2,0,0,0,0,5,0,1,2.0,9330072,fogleman/Craft,https://github.com/fogleman/Craft,2013-04-09 19:47:38,C,,8945,1176,8945,110,82,fogleman/Craft,fogleman/Craft,39,88,127,18,0,1,0,753,72,78,150,0,46,513.0,117.0,127.0,125.0,127.0,134.0,1
HandBrake/HandBrake,0,2,0,1,0,3,9,0,0,0.0,41215835,HandBrake/HandBrake,https://github.com/HandBrake/HandBrake,2015-08-22 16:32:28,C,,8917,863,8917,247,86,HandBrake/HandBrake,HandBrake/HandBrake,20,0,20,118,268917,30,405,11190,246,3130,3376,0,20,476.0,109.0,126.0,118.0,126.0,106.0,1
systemd/systemd,0,15,0,0,0,2,18,0,0,0.0,32873313,systemd/systemd,https://github.com/systemd/systemd,2015-03-25 15:27:27,C,,8761,2768,8761,1689,59,systemd/systemd,systemd/systemd,184,0,184,2288,0,30,0,56564,1572,6941,8513,4,45,557.0,135.0,125.0,163.0,125.0,144.0,1
torch/torch7,9,2,0,0,0,5,11,0,0,0.0,13677187,torch/torch7,https://github.com/torch/torch7,2013-10-18 12:13:58,C,,8671,2389,8671,291,67,torch/torch7,torch/torch7,15,492,507,167,0,0,0,1337,277,443,720,0,13,567.0,144.0,124.0,156.0,124.0,163.0,1
irungentoo/toxcore,4,2,0,1,0,0,5,0,0,0.0,10894716,irungentoo/toxcore,https://github.com/irungentoo/toxcore,2013-06-24 00:12:13,C,,8666,1274,8666,97,84,irungentoo/toxcore,irungentoo/toxcore,7,849,856,221,0,0,0,3771,90,554,644,2,95,551.0,131.0,123.0,130.0,123.0,175.0,1
acidanthera/OpenCorePkg,37,2,0,0,0,14,22,2,1,0.0,179354282,acidanthera/OpenCorePkg,https://github.com/acidanthera/OpenCorePkg,2019-04-03 19:14:29,C,,8636,1521,8636,4,79,acidanthera/OpenCorePkg,acidanthera/OpenCorePkg,1,319,320,81,359568,30,62,4060,0,0,0,0,31,538.0,127.0,122.0,138.0,122.0,156.0,1
raspberrypi/linux,0,0,0,0,0,0,0,0,2,0.0,3199002,raspberrypi/linux,https://github.com/raspberrypi/linux,2012-01-17 12:10:20,C,,8550,4005,8550,641,54,raspberrypi/linux,raspberrypi/linux,52,1651,1703,29267,0,0,0,1049812,617,2572,3189,0,46,603.0,157.0,121.0,179.0,121.0,182.0,1
squeaky-pl/japronto,14,3,0,0,0,3,7,1,0,1.0,72039072,squeaky-pl/japronto,https://github.com/squeaky-pl/japronto,2016-10-26 19:51:32,C,,8512,588,8512,89,92,squeaky-pl/japronto,squeaky-pl/japronto,8,31,39,24,0,0,0,736,83,62,145,0,26,465.0,106.0,120.0,109.0,120.0,116.0,1
SoftEtherVPN/SoftEtherVPN,46,6,0,0,0,3,13,0,0,6.0,15583310,SoftEtherVPN/SoftEtherVPN,https://github.com/SoftEtherVPN/SoftEtherVPN,2014-01-02 12:40:57,C,,8505,2132,8505,220,76,SoftEtherVPN/SoftEtherVPN,SoftEtherVPN/SoftEtherVPN,8,646,654,113,219036,19,116,1648,189,670,859,0,38,559.0,136.0,119.0,151.0,119.0,170.0,1
upx/upx,5,0,0,0,0,0,0,0,0,0.0,67031040,upx/upx,https://github.com/upx/upx,2016-08-31 11:23:13,C,,8399,918,8399,128,90,upx/upx,upx/upx,1,0,1,20,729580,7,85,3551,126,364,490,0,43,401.0,99.0,118.0,119.0,118.0,46.0,0
glfw/glfw,131,3,0,0,0,10,23,0,63,0.0,9524997,glfw/glfw,https://github.com/glfw/glfw,2013-04-18 15:24:53,C,,8360,3228,8360,470,65,glfw/glfw,glfw/glfw,57,473,530,185,422650,17,58,4424,422,1080,1502,26,708,570.0,148.0,117.0,171.0,117.0,165.0,1
davatorium/rofi,47,9,0,0,0,22,26,0,7,1.0,7715820,davatorium/rofi,https://github.com/davatorium/rofi,2013-01-20 11:54:45,C,,8325,437,8325,67,95,davatorium/rofi,davatorium/rofi,11,297,308,134,34480,30,61,3615,52,1056,1108,3,98,491.0,110.0,116.0,104.0,116.0,155.0,1
videolan/vlc,21,0,0,14,0,0,15,0,0,1.0,3299208,videolan/vlc,https://github.com/videolan/vlc,2012-01-29 19:30:36,C,,8285,2879,8285,2,72,videolan/vlc,videolan/vlc,0,118,118,1063,0,0,0,91885,0,0,0,0,3,527.0,125.0,115.0,164.0,115.0,133.0,1
huangz1990/redis-3.0-annotated,2,0,0,0,0,0,0,0,62,0.0,21294600,huangz1990/redis-3.0-annotated,https://github.com/huangz1990/redis-3.0-annotated,2014-06-28 02:40:10,C,,8272,3717,8272,23,66,huangz1990/redis-3.0-annotated,huangz1990/redis-3.0-annotated,9,6,15,125,0,0,0,3933,16,10,26,0,16,497.0,112.0,114.0,177.0,114.0,92.0,1
libgit2/libgit2,77,4,0,0,0,16,32,1,39,0.0,901662,libgit2/libgit2,https://github.com/libgit2/libgit2,2010-09-10 16:17:48,C,,8179,2153,8179,433,83,libgit2/libgit2,libgit2/libgit2,113,4150,4263,550,66497,30,10,14483,328,1536,1864,0,159,568.0,145.0,113.0,152.0,113.0,190.0,1
libevent/libevent,0,8,0,0,0,7,14,0,0,4.0,1856976,libevent/libevent,https://github.com/libevent/libevent,2011-06-06 21:42:50,C,,8177,2921,8177,133,75,libevent/libevent,libevent/libevent,0,468,468,273,3041140,18,14,4613,119,649,768,3,38,552.0,132.0,112.0,166.0,112.0,162.0,1
raysan5/raylib,38,17,1,0,0,36,52,1,1,1.0,13836499,raysan5/raylib,https://github.com/raysan5/raylib,2013-10-24 15:46:04,C,,8084,959,8084,15,93,raysan5/raylib,raysan5/raylib,1,1074,1075,338,7181,19,89,5670,10,1126,1136,0,144,520.0,121.0,111.0,121.0,111.0,177.0,1
lvgl/lvgl,49,2,1,0,0,6,38,0,0,2.0,60667730,lvgl/lvgl,https://github.com/lvgl/lvgl,2016-06-08 04:14:34,C,,8047,1599,8047,38,89,lvgl/lvgl,lvgl/lvgl,0,1209,1209,277,150,30,1,7829,35,1881,1916,1,171,537.0,126.0,110.0,139.0,110.0,178.0,1
darlinghq/darling,0,1,0,0,0,1,3,0,6,4.0,7077690,darlinghq/darling,https://github.com/darlinghq/darling,2012-12-09 10:31:44,C,,7922,328,7922,200,98,darlinghq/darling,darlinghq/darling,2,165,167,67,9197,8,16,3690,205,734,939,3,36,461.0,105.0,109.0,102.0,109.0,141.0,1
microsoft/react-native-code-push,50,3,0,1,0,14,30,0,46,14.0,36749153,microsoft/react-native-code-push,https://github.com/microsoft/react-native-code-push,2015-06-02 17:19:20,C,,7841,1222,7841,164,94,microsoft/react-native-code-push,microsoft/react-native-code-push,15,730,745,159,0,30,0,1733,43,1443,1486,6,421,515.0,120.0,108.0,127.0,108.0,172.0,1
antirez/disque,239,1,0,0,0,23,27,0,175,1.0,34676773,antirez/disque,https://github.com/antirez/disque,2015-04-27 16:06:09,C,,7823,547,7823,60,99,antirez/disque,antirez/disque,18,91,109,59,0,1,0,602,41,65,106,4,133,451.0,104.0,107.0,106.0,107.0,131.0,1
borgbackup/borg,15,0,0,0,0,0,0,0,20,0.0,35517126,borgbackup/borg,https://github.com/borgbackup/borg,2015-05-12 23:10:47,C,,7752,595,7752,551,97,borgbackup/borg,borgbackup/borg,24,2999,3023,281,4636,30,360,6589,576,2766,3342,13,95,510.0,116.0,106.0,110.0,106.0,188.0,1
happyfish100/fastdfs,0,0,0,0,0,1,1,0,0,0.0,11178512,happyfish100/fastdfs,https://github.com/happyfish100/fastdfs,2013-07-04 14:01:35,C,,7725,1836,7725,427,91,happyfish100/fastdfs,happyfish100/fastdfs,9,0,9,13,0,0,0,266,431,93,524,0,6,437.0,102.0,105.0,143.0,105.0,84.0,1
cesanta/mongoose,24,5,0,0,0,5,22,0,1,0.0,5414488,cesanta/mongoose,https://github.com/cesanta/mongoose,2012-08-14 15:09:51,C,,7706,2178,7706,6,88,cesanta/mongoose,cesanta/mongoose,5,405,410,142,3798,30,9,3655,2,1055,1057,0,247,521.0,123.0,104.0,154.0,104.0,159.0,1
EZLippi/Tinyhttpd,6,2,0,0,0,0,1,0,0,1.0,35930805,EZLippi/Tinyhttpd,https://github.com/EZLippi/Tinyhttpd,2015-05-20 06:44:01,C,,7685,3324,7685,24,81,EZLippi/Tinyhttpd,EZLippi/Tinyhttpd,7,9,16,7,0,0,0,25,18,20,38,0,10,473.0,108.0,103.0,174.0,103.0,93.0,1
id-Software/DOOM,0,0,0,0,0,0,0,0,0,0.0,3319040,id-Software/DOOM,https://github.com/id-Software/DOOM,2012-01-31 21:28:06,C,,7682,1367,7682,5,96,id-Software/DOOM,id-Software/DOOM,4,9,13,1,0,0,0,3,0,0,0,0,1,424.0,101.0,101.0,133.0,101.0,89.0,1
espressif/arduino-esp32,9,4,0,0,0,5,15,1,0,0.0,70127218,espressif/arduino-esp32,https://github.com/espressif/arduino-esp32,2016-10-06 06:04:20,C,,7682,4847,7682,339,78,espressif/arduino-esp32,espressif/arduino-esp32,39,1588,1627,522,1421752,30,114,1678,357,4384,4741,1,45,565.0,143.0,101.0,182.0,101.0,181.0,1
PX4/NuttX,149,0,0,0,0,3,26,0,149,0.0,39532678,PX4/NuttX,https://github.com/PX4/NuttX,2015-07-22 22:06:58,C,,99,160,99,5,100,PX4/NuttX,PX4/NuttX,0,162,162,521,0,0,0,42212,4,13,17,0,13,440.0,103.0,100.0,100.0,100.0,140.0,1
hvqzao/foolavc,2,0,0,0,0,3,3,2,3,1.0,60408156,hvqzao/foolavc,https://github.com/hvqzao/foolavc,2016-06-04 11:57:29,C,,98,33,98,0,102,hvqzao/foolavc,hvqzao/foolavc,0,0,0,1,0,0,0,9,0,1,1,0,7,283.0,86.0,99.0,84.0,99.0,1.0,0
DanieleDeSensi/peafowl,26,10,0,0,0,1,12,0,2,0.0,9239261,DanieleDeSensi/peafowl,https://github.com/DanieleDeSensi/peafowl,2013-04-05 10:56:18,C,,97,33,97,1,104,DanieleDeSensi/peafowl,DanieleDeSensi/peafowl,0,35,35,13,29,2,3,456,1,8,9,0,70,392.0,98.0,98.0,84.0,98.0,112.0,0
xiph/opusfile,0,3,0,0,0,0,3,0,0,0.0,28172682,xiph/opusfile,https://github.com/xiph/opusfile,2014-12-18 07:15:34,C,,96,47,96,12,101,xiph/opusfile,xiph/opusfile,3,10,13,26,16019,6,12,457,8,9,17,0,6,376.0,97.0,97.0,93.0,97.0,89.0,0
rigglemania/pysqlcipher3,11,0,0,0,0,0,0,0,4,0.0,30619345,rigglemania/pysqlcipher3,https://github.com/rigglemania/pysqlcipher3,2015-02-10 23:03:20,C,,95,29,95,9,107,rigglemania/pysqlcipher3,rigglemania/pysqlcipher3,1,0,1,5,0,0,0,33,8,10,18,0,10,318.0,91.0,96.0,80.0,96.0,46.0,0
moonpolysoft/cherly,7,0,0,0,0,0,0,0,0,0.0,134999,moonpolysoft/cherly,https://github.com/moonpolysoft/cherly,2009-02-22 23:00:17,C,,94,16,94,2,115,moonpolysoft/cherly,moonpolysoft/cherly,0,0,0,1,0,0,0,50,2,0,2,0,7,239.0,70.0,95.0,48.0,95.0,1.0,0
heltonWernik/OpenLuck,5,0,0,0,0,0,0,0,0,5.0,138506359,heltonWernik/OpenLuck,https://github.com/heltonWernik/OpenLuck,2018-06-24 18:36:26,C,,93,47,93,3,103,heltonWernik/OpenLuck,heltonWernik/OpenLuck,0,1,1,3,0,0,0,9,3,0,3,0,5,327.0,94.0,94.0,93.0,94.0,46.0,0
Jiantastic/c-to-mips-compiler,0,0,0,0,0,0,2,0,3,0.0,51071331,Jiantastic/c-to-mips-compiler,https://github.com/Jiantastic/c-to-mips-compiler,2016-02-04 11:23:50,C,,92,28,92,0,110,Jiantastic/c-to-mips-compiler,Jiantastic/c-to-mips-compiler,0,10,10,4,0,0,0,69,0,1,1,0,13,346.0,95.0,93.0,75.0,93.0,85.0,0
bubicn/bubichain-v3,7,3,0,0,0,0,1,0,0,0.0,101032683,bubicn/bubichain-v3,https://github.com/bubicn/bubichain-v3,2017-08-22 07:08:51,C,,91,57,91,5,106,bubicn/bubichain-v3,bubicn/bubichain-v3,0,0,0,17,0,0,0,278,5,0,5,0,7,280.0,84.0,92.0,95.0,92.0,1.0,0
JUMA-IO/STM32_Platform,17,1,0,0,0,1,16,0,10,0.0,49547764,JUMA-IO/STM32_Platform,https://github.com/JUMA-IO/STM32_Platform,2016-01-13 03:49:37,C,,90,69,90,4,105,JUMA-IO/STM32_Platform,JUMA-IO/STM32_Platform,0,93,93,17,0,7,0,261,4,7,11,0,19,407.0,100.0,91.0,97.0,91.0,128.0,1
juce/sockproc,0,0,0,0,0,0,0,0,1,0.0,17886668,juce/sockproc,https://github.com/juce/sockproc,2014-03-19 00:09:29,C,,89,34,89,2,108,juce/sockproc,juce/sockproc,1,0,1,6,0,0,0,43,1,7,8,0,11,313.0,90.0,90.0,87.0,90.0,46.0,0
pprett/bolt,11,0,0,0,0,0,0,0,2,0.0,268536,pprett/bolt,https://github.com/pprett/bolt,2009-08-04 09:19:38,C,,88,17,88,0,118,pprett/bolt,pprett/bolt,0,1,1,4,0,0,0,117,0,0,0,0,5,275.0,83.0,89.0,51.0,89.0,46.0,0
dimitri/pgextwlist,10,1,0,0,0,0,2,0,33,0.0,2958353,dimitri/pgextwlist,https://github.com/dimitri/pgextwlist,2011-12-11 14:11:13,C,,86,31,86,5,111,dimitri/pgextwlist,dimitri/pgextwlist,2,23,25,17,0,4,0,102,4,17,21,4,13,369.0,96.0,88.0,83.0,88.0,110.0,0
jamesmunns/nrf52dk-sys,0,0,0,0,0,0,6,0,8,7.0,86871700,jamesmunns/nrf52dk-sys,https://github.com/jamesmunns/nrf52dk-sys,2017-04-01 00:59:33,C,,85,18,85,2,120,jamesmunns/nrf52dk-sys,jamesmunns/nrf52dk-sys,0,8,8,3,0,0,0,57,1,7,8,0,6,318.0,91.0,87.0,62.0,87.0,82.0,0
yubo/ip_vs_ca,23,2,0,0,0,1,4,0,5,3.0,52423233,yubo/ip_vs_ca,https://github.com/yubo/ip_vs_ca,2016-02-24 07:31:12,C,,84,26,84,3,116,yubo/ip_vs_ca,yubo/ip_vs_ca,0,0,0,3,48,3,7,32,3,11,14,0,20,245.0,73.0,86.0,72.0,86.0,1.0,0
atnan/QLPrettyPatch,2,1,0,0,0,2,3,0,4,0.0,14760455,atnan/QLPrettyPatch,https://github.com/atnan/QLPrettyPatch,2013-11-27 22:14:43,C,,83,4,83,1,137,atnan/QLPrettyPatch,atnan/QLPrettyPatch,1,0,1,1,89326,1,1,11,0,0,0,0,5,231.0,66.0,85.0,15.0,85.0,46.0,0
vonj/snippets.org,0,0,0,0,0,0,0,0,0,0.0,7156462,vonj/snippets.org,https://github.com/vonj/snippets.org,2012-12-13 22:24:59,C,,82,37,82,0,112,vonj/snippets.org,vonj/snippets.org,0,0,0,3,0,0,0,5,0,0,0,0,3,258.0,77.0,84.0,89.0,84.0,1.0,0
awailly/nrop,5,0,0,0,0,0,0,0,0,0.0,22061846,awailly/nrop,https://github.com/awailly/nrop,2014-07-21 11:29:39,C,,81,16,81,3,123,awailly/nrop,awailly/nrop,0,2,2,3,0,0,0,126,3,1,4,1,10,280.0,84.0,83.0,48.0,83.0,66.0,0
zhanghuicuc/ffmpeg_camera_streamer,0,0,0,0,0,0,0,0,0,0.0,41487878,zhanghuicuc/ffmpeg_camera_streamer,https://github.com/zhanghuicuc/ffmpeg_camera_streamer,2015-08-27 13:22:04,C,,80,71,80,1,109,zhanghuicuc/ffmpeg_camera_streamer,zhanghuicuc/ffmpeg_camera_streamer,0,0,0,1,0,0,0,10,1,0,1,0,7,263.0,79.0,82.0,98.0,82.0,1.0,0
InfiniteSearchSpace/PyCl-Convergence,25,0,0,0,0,0,0,0,0,0.0,23007126,InfiniteSearchSpace/PyCl-Convergence,https://github.com/InfiniteSearchSpace/PyCl-Convergence,2014-08-16 00:37:07,C,,79,9,79,1,131,InfiniteSearchSpace/PyCl-Convergence,InfiniteSearchSpace/PyCl-Convergence,1,0,1,1,0,0,0,51,0,0,0,0,16,241.0,72.0,81.0,33.0,81.0,46.0,0
postmodern/digest-crc,39,1,0,0,0,3,32,0,1,6.0,690914,postmodern/digest-crc,https://github.com/postmodern/digest-crc,2010-05-28 11:33:17,C,,78,28,78,3,117,postmodern/digest-crc,postmodern/digest-crc,0,0,0,8,0,0,0,229,4,18,22,0,50,236.0,68.0,80.0,75.0,80.0,1.0,0
illuspas/SayHi,3,0,0,0,0,0,0,0,0,0.0,10141364,illuspas/SayHi,https://github.com/illuspas/SayHi,2013-05-18 13:00:28,C,,77,66,77,0,113,illuspas/SayHi,illuspas/SayHi,0,0,0,1,0,0,0,19,0,3,3,0,7,255.0,76.0,79.0,96.0,79.0,1.0,0
PaulKlinger/cnn_card,0,1,0,1,0,6,7,1,0,0.0,295013360,PaulKlinger/cnn_card,https://github.com/PaulKlinger/cnn_card,2020-09-12 19:36:33,C,,76,2,76,0,144,PaulKlinger/cnn_card,PaulKlinger/cnn_card,0,0,0,1,0,0,0,65,0,0,0,0,4,166.0,37.0,78.0,9.0,78.0,1.0,0
ieatlint/mslib,0,0,0,0,0,0,0,0,0,0.0,859438,ieatlint/mslib,https://github.com/ieatlint/mslib,2010-08-24 16:09:27,C,,75,17,75,4,125,ieatlint/mslib,ieatlint/mslib,2,0,2,1,0,0,0,17,2,0,2,0,3,271.0,82.0,77.0,51.0,77.0,66.0,0
CedricGuillemet/libProfiler,0,0,0,0,0,0,0,0,0,0.0,7294955,CedricGuillemet/libProfiler,https://github.com/CedricGuillemet/libProfiler,2012-12-23 13:00:15,C,,74,16,74,0,126,CedricGuillemet/libProfiler,CedricGuillemet/libProfiler,0,0,0,1,0,0,0,6,0,0,0,0,6,201.0,53.0,76.0,48.0,76.0,1.0,0
TrilbyWhite/Leela,0,0,0,0,0,0,0,0,0,0.0,4487239,TrilbyWhite/Leela,https://github.com/TrilbyWhite/Leela,2012-05-29 20:35:49,C,,73,1,73,1,151,TrilbyWhite/Leela,TrilbyWhite/Leela,0,1,1,3,0,0,0,20,1,1,2,0,3,199.0,52.0,75.0,3.0,75.0,46.0,0
MerlijnWajer/tracy,6,0,0,0,0,0,0,0,0,0.0,4425397,MerlijnWajer/tracy,https://github.com/MerlijnWajer/tracy,2012-05-23 21:13:17,C,,72,21,72,13,124,MerlijnWajer/tracy,MerlijnWajer/tracy,1,0,1,10,0,0,0,596,12,33,45,0,10,260.0,78.0,74.0,66.0,74.0,46.0,0
upring/virtdbg,0,0,0,0,0,0,0,0,0,0.0,38023105,upring/virtdbg,https://github.com/upring/virtdbg,2015-06-25 02:25:44,C,,71,34,71,0,119,upring/virtdbg,upring/virtdbg,0,0,0,1,0,0,0,9,0,0,0,0,2,234.0,67.0,73.0,87.0,73.0,1.0,0
socketpair/nltrace,0,0,0,0,0,0,0,0,0,0.0,5621856,socketpair/nltrace,https://github.com/socketpair/nltrace,2012-08-30 22:37:49,C,,70,11,70,2,141,socketpair/nltrace,socketpair/nltrace,0,2,2,3,0,0,0,27,2,0,2,0,1,246.0,74.0,72.0,36.0,72.0,66.0,0
drotiro/boxfs2,14,0,0,0,0,0,0,0,6,0.0,13951311,drotiro/boxfs2,https://github.com/drotiro/boxfs2,2013-10-29 09:22:22,C,,69,13,69,2,139,drotiro/boxfs2,drotiro/boxfs2,1,0,1,10,0,0,0,112,1,17,18,0,6,229.0,64.0,71.0,41.0,71.0,46.0,0
wujr5/c-and-cpp-language-learning,36,0,0,0,0,0,0,0,0,4.0,42852991,wujr5/c-and-cpp-language-learning,https://github.com/wujr5/c-and-cpp-language-learning,2015-09-21 08:15:03,C,,68,33,68,46,122,wujr5/c-and-cpp-language-learning,wujr5/c-and-cpp-language-learning,0,1,1,3,0,0,0,92,46,2,48,0,45,270.0,80.0,70.0,84.0,70.0,46.0,0
xerub/ropc,8,0,0,0,0,0,0,0,0,0.0,43090438,xerub/ropc,https://github.com/xerub/ropc,2015-09-24 20:08:33,C,,67,14,67,0,140,xerub/ropc,xerub/ropc,0,0,0,1,0,0,0,70,0,1,1,0,3,182.0,42.0,69.0,43.0,69.0,1.0,0
joelgwebber/bench2d,44,1,0,0,2,0,2,0,11,0.0,2949224,joelgwebber/bench2d,https://github.com/joelgwebber/bench2d,2011-12-09 18:46:14,C,,66,40,66,1,121,joelgwebber/bench2d,joelgwebber/bench2d,0,17,17,15,0,0,0,115,1,3,4,0,12,323.0,93.0,68.0,92.0,68.0,95.0,0
PinkP4nther/Sutekh,5,0,0,0,0,0,0,0,0,0.0,137761357,PinkP4nther/Sutekh,https://github.com/PinkP4nther/Sutekh,2018-06-18 14:21:44,C,,65,25,65,0,129,PinkP4nther/Sutekh,PinkP4nther/Sutekh,0,1,1,1,0,0,0,21,0,0,0,0,12,249.0,75.0,67.0,69.0,67.0,46.0,0
phdphuc/mac-a-mal,0,0,0,0,0,1,1,0,0,0.0,124896289,phdphuc/mac-a-mal,https://github.com/phdphuc/mac-a-mal,2018-03-12 13:49:59,C,,64,18,64,3,132,phdphuc/mac-a-mal,phdphuc/mac-a-mal,0,0,0,1,0,0,0,4,3,2,5,0,2,195.0,50.0,66.0,62.0,66.0,1.0,0
nathan-osman/gimp-webp,5,2,0,0,0,0,1,0,3,0.0,37002634,nathan-osman/gimp-webp,https://github.com/nathan-osman/gimp-webp,2015-06-07 02:59:37,C,,63,7,63,7,145,nathan-osman/gimp-webp,nathan-osman/gimp-webp,1,6,7,7,0,0,0,83,6,3,9,0,9,238.0,69.0,65.0,27.0,65.0,81.0,0
noduino/noduino-sdk,8,6,0,0,0,0,6,0,0,1.0,45523551,noduino/noduino-sdk,https://github.com/noduino/noduino-sdk,2015-11-04 07:53:10,C,,62,18,62,7,135,noduino/noduino-sdk,noduino/noduino-sdk,0,0,0,5,0,0,0,1190,7,1,8,0,14,191.0,46.0,64.0,62.0,64.0,1.0,0
psmoveservice/psmove-ue4,5,0,0,0,0,4,5,1,0,0.0,30721411,psmoveservice/psmove-ue4,https://github.com/psmoveservice/psmove-ue4,2015-02-12 20:12:27,C,,61,28,61,11,128,psmoveservice/psmove-ue4,psmoveservice/psmove-ue4,0,8,8,3,0,0,0,186,11,11,22,1,38,283.0,86.0,63.0,75.0,63.0,82.0,0
lqs/crabdb,0,0,0,0,0,0,0,0,2,0.0,9673988,lqs/crabdb,https://github.com/lqs/crabdb,2013-04-25 14:44:32,C,,60,5,60,0,155,lqs/crabdb,lqs/crabdb,0,0,0,1,0,0,0,3,0,0,0,0,2,145.0,32.0,62.0,20.0,62.0,1.0,0
tresacton/exploits,0,0,0,0,0,0,0,0,1,0.0,21442780,tresacton/exploits,https://github.com/tresacton/exploits,2014-07-02 22:47:11,C,,59,29,59,0,127,tresacton/exploits,tresacton/exploits,0,0,0,5,0,0,0,42,0,0,0,0,22,203.0,62.0,61.0,80.0,61.0,1.0,0
drawapp8/cantk-runtime,14,0,0,0,0,11,14,0,0,1.0,35484982,drawapp8/cantk-runtime,https://github.com/drawapp8/cantk-runtime,2015-05-12 11:49:56,C,,58,24,58,0,138,drawapp8/cantk-runtime,drawapp8/cantk-runtime,0,0,0,1,0,0,0,28,0,0,0,0,18,189.0,45.0,60.0,68.0,60.0,1.0,0
chrishulbert/friendly_launchpad,2,0,0,0,0,0,0,0,0,0.0,1449104,chrishulbert/friendly_launchpad,https://github.com/chrishulbert/friendly_launchpad,2011-03-07 07:16:21,C,,57,6,57,0,156,chrishulbert/friendly_launchpad,chrishulbert/friendly_launchpad,0,0,0,1,0,0,0,2,0,0,0,0,2,143.0,31.0,59.0,24.0,59.0,1.0,0
ldthomas/apg-6.3,1,0,0,0,0,0,7,0,15,3.0,27552326,ldthomas/apg-6.3,https://github.com/ldthomas/apg-6.3,2014-12-04 17:46:37,C,,56,12,56,3,149,ldthomas/apg-6.3,ldthomas/apg-6.3,2,1,3,2,0,0,0,6,1,0,1,0,3,229.0,64.0,58.0,37.0,58.0,76.0,0
bazad/launchd-portrep,0,0,0,0,0,0,0,0,20,1.0,118415497,bazad/launchd-portrep,https://github.com/bazad/launchd-portrep,2018-01-22 06:22:59,C,,53,4,53,0,163,bazad/launchd-portrep,bazad/launchd-portrep,0,0,0,1,0,0,0,10,0,0,0,0,4,130.0,28.0,57.0,15.0,57.0,1.0,0
3gstudent/Bypass-Windows-AppLocker,0,0,0,0,0,0,0,0,0,0.0,49056745,3gstudent/Bypass-Windows-AppLocker,https://github.com/3gstudent/Bypass-Windows-AppLocker,2016-01-05 09:45:08,C,,52,29,52,0,133,3gstudent/Bypass-Windows-AppLocker,3gstudent/Bypass-Windows-AppLocker,0,0,0,1,0,0,0,3,0,0,0,0,1,193.0,48.0,56.0,80.0,56.0,1.0,0
hexsum/Mojo-StrawberryPerl,0,0,0,0,0,0,0,0,0,0.0,66075798,hexsum/Mojo-StrawberryPerl,https://github.com/hexsum/Mojo-StrawberryPerl,2016-08-19 10:51:24,C,,51,8,51,6,160,hexsum/Mojo-StrawberryPerl,hexsum/Mojo-StrawberryPerl,0,1,1,1,0,0,0,31,6,1,7,0,21,185.0,44.0,55.0,29.0,55.0,46.0,0
Juniper/juise,0,0,0,0,0,2,2,0,0,0.0,10245331,Juniper/juise,https://github.com/Juniper/juise,2013-05-23 14:16:22,C,,50,14,50,14,154,Juniper/juise,Juniper/juise,0,12,12,14,1472,16,23,869,14,10,24,0,6,239.0,70.0,54.0,43.0,54.0,88.0,0
xlab/netsed,3,0,0,0,0,0,0,0,0,0.0,40079325,xlab/netsed,https://github.com/xlab/netsed,2015-08-02 12:56:46,C,,49,12,49,0,157,xlab/netsed,xlab/netsed,0,2,2,7,0,0,0,84,0,0,0,0,13,209.0,63.0,53.0,37.0,53.0,66.0,0
varnish/libvmod-curl,0,0,0,0,0,0,0,0,12,0.0,2147321,varnish/libvmod-curl,https://github.com/varnish/libvmod-curl,2011-08-03 07:48:10,C,,47,37,47,0,134,varnish/libvmod-curl,varnish/libvmod-curl,0,0,0,21,0,0,0,202,0,26,26,2,11,194.0,49.0,52.0,89.0,52.0,1.0,0
GRSource/Emoji,0,1,1,0,0,0,0,0,0,0.0,27986056,GRSource/Emoji,https://github.com/GRSource/Emoji,2014-12-14 06:37:36,C,,46,20,46,1,146,GRSource/Emoji,GRSource/Emoji,0,0,0,1,0,0,0,5,1,1,2,0,2,168.0,39.0,51.0,65.0,51.0,1.0,0
zephyrproject-rtos/meta-zephyr-sdk,0,1,0,0,0,0,1,1,0,2.0,61154171,zephyrproject-rtos/meta-zephyr-sdk,https://github.com/zephyrproject-rtos/meta-zephyr-sdk,2016-06-14 20:38:26,C,,45,28,45,4,143,zephyrproject-rtos/meta-zephyr-sdk,zephyrproject-rtos/meta-zephyr-sdk,0,35,35,9,45614,27,20,232,4,75,79,0,5,287.0,88.0,50.0,75.0,50.0,112.0,0
tangrs/usb-gba-multiboot,0,0,0,0,0,0,2,0,0,1.0,4923551,tangrs/usb-gba-multiboot,https://github.com/tangrs/usb-gba-multiboot,2012-07-06 11:16:20,C,,44,2,44,1,170,tangrs/usb-gba-multiboot,tangrs/usb-gba-multiboot,0,0,0,1,0,0,0,8,1,0,1,0,1,108.0,21.0,49.0,9.0,49.0,1.0,0
quetwo/as3-arduino-connector,7,0,0,0,0,0,0,0,0,2.0,32656542,quetwo/as3-arduino-connector,https://github.com/quetwo/as3-arduino-connector,2015-03-22 01:00:51,C,,43,21,43,15,153,quetwo/as3-arduino-connector,quetwo/as3-arduino-connector,0,0,0,3,0,0,0,52,15,21,36,0,1,163.0,35.0,48.0,66.0,48.0,1.0,0
ailispaw/docker-root-xhyve,17,0,0,0,0,3,3,0,2,13.0,40382497,ailispaw/docker-root-xhyve,https://github.com/ailispaw/docker-root-xhyve,2015-08-07 21:56:17,C,,42,4,42,2,168,ailispaw/docker-root-xhyve,ailispaw/docker-root-xhyve,0,0,0,1,568,9,9,89,2,9,11,0,60,110.0,22.0,47.0,15.0,47.0,1.0,0
rsyslog/libfastjson,7,0,0,0,0,1,2,0,11,5.0,46425919,rsyslog/libfastjson,https://github.com/rsyslog/libfastjson,2015-11-18 14:59:42,C,,41,26,41,30,148,rsyslog/libfastjson,rsyslog/libfastjson,1,88,89,69,0,0,0,698,29,45,74,2,7,291.0,89.0,46.0,72.0,46.0,127.0,0
eldarkg/emdr1986x-std-per-lib,6,0,0,0,0,2,4,0,13,12.5,33415053,eldarkg/emdr1986x-std-per-lib,https://github.com/eldarkg/emdr1986x-std-per-lib,2015-04-04 18:09:13,C,,40,26,40,9,150,eldarkg/emdr1986x-std-per-lib,eldarkg/emdr1986x-std-per-lib,0,24,24,8,0,0,0,154,9,24,33,1,27,270.0,80.0,45.0,72.0,45.0,108.0,0
promisechen/dpdk,10,0,0,0,0,0,1,0,2,0.0,44846729,promisechen/dpdk,https://github.com/promisechen/dpdk,2015-10-24 01:16:52,C,,39,28,39,1,147,promisechen/dpdk,promisechen/dpdk,0,0,0,3,0,0,0,54,1,0,1,0,19,164.0,36.0,44.0,75.0,44.0,1.0,0
avs333/injector,0,0,0,0,0,0,0,0,7,0.0,44725455,avs333/injector,https://github.com/avs333/injector,2015-10-22 06:05:57,C,,38,17,38,1,162,avs333/injector,avs333/injector,0,0,0,1,0,0,0,18,1,0,1,0,5,138.0,29.0,43.0,51.0,43.0,1.0,0
WetDesertRock/GifCat,5,1,2,0,0,1,1,0,16,3.0,61999967,WetDesertRock/GifCat,https://github.com/WetDesertRock/GifCat,2016-06-26 17:20:00,C,,36,5,36,4,173,WetDesertRock/GifCat,WetDesertRock/GifCat,0,2,2,2,0,1,0,6,4,0,4,0,6,170.0,40.0,42.0,20.0,42.0,66.0,0
mltframework/melted,0,0,0,0,0,0,0,0,0,0.0,4118689,mltframework/melted,https://github.com/mltframework/melted,2012-04-23 22:25:51,C,,35,25,35,1,159,mltframework/melted,mltframework/melted,0,1,1,11,0,0,0,1408,1,2,3,0,14,197.0,51.0,41.0,69.0,41.0,46.0,0
TobyGoodwin/pacc,0,0,0,0,0,0,0,0,0,0.0,34480158,TobyGoodwin/pacc,https://github.com/TobyGoodwin/pacc,2015-04-23 20:36:24,C,,34,4,34,0,174,TobyGoodwin/pacc,TobyGoodwin/pacc,0,1,1,11,0,0,0,412,0,0,0,0,8,141.0,30.0,40.0,15.0,40.0,46.0,0
nickgammon/MAX7219_Dot_Matrix,0,0,0,0,0,1,2,0,0,0.0,35528129,nickgammon/MAX7219_Dot_Matrix,https://github.com/nickgammon/MAX7219_Dot_Matrix,2015-05-13 04:25:54,C,,33,14,33,3,164,nickgammon/MAX7219_Dot_Matrix,nickgammon/MAX7219_Dot_Matrix,0,1,1,2,0,0,0,10,2,4,6,0,3,167.0,38.0,39.0,43.0,39.0,46.0,0
dji-sdk/Manifold-Cam,14,1,0,0,0,1,1,0,7,1.0,45438741,dji-sdk/Manifold-Cam,https://github.com/dji-sdk/Manifold-Cam,2015-11-03 03:16:19,C,,32,25,32,11,161,dji-sdk/Manifold-Cam,dji-sdk/Manifold-Cam,1,0,1,5,0,0,0,11,10,7,17,0,7,191.0,46.0,38.0,69.0,38.0,46.0,0
phplang/php-past,0,0,0,0,0,0,0,0,0,0.0,62119108,phplang/php-past,https://github.com/phplang/php-past,2016-06-28 07:19:47,C,,31,1,31,0,179,phplang/php-past,phplang/php-past,0,0,0,1,0,0,0,32,0,0,0,0,1,78.0,15.0,37.0,3.0,37.0,1.0,0
friendlyarm/uboot_tiny4412,244,0,0,0,0,0,0,0,0,0.0,45292496,friendlyarm/uboot_tiny4412,https://github.com/friendlyarm/uboot_tiny4412,2015-10-31 07:10:33,C,,30,37,30,0,152,friendlyarm/uboot_tiny4412,friendlyarm/uboot_tiny4412,0,0,0,1,0,0,0,7,0,0,0,0,1,162.0,34.0,36.0,89.0,36.0,1.0,0
toby20130333/qtquickqrencode,38,2,0,0,0,2,3,0,2,5.0,45458387,toby20130333/qtquickqrencode,https://github.com/toby20130333/qtquickqrencode,2015-11-03 10:14:45,C,,29,14,29,0,167,toby20130333/qtquickqrencode,toby20130333/qtquickqrencode,0,0,0,1,0,0,0,18,0,0,0,0,12,114.0,24.0,35.0,43.0,35.0,1.0,0
wireapp/cryptobox-c,10,0,0,0,0,12,20,0,50,0.0,47832811,wireapp/cryptobox-c,https://github.com/wireapp/cryptobox-c,2015-12-11 15:02:09,C,,28,17,28,2,165,wireapp/cryptobox-c,wireapp/cryptobox-c,0,18,18,17,0,6,0,213,2,0,2,0,17,202.0,54.0,27.0,51.0,27.0,97.0,0
wireapp/cryptobox-c,10,0,0,0,0,12,20,0,50,0.0,47832811,wireapp/cryptobox-c,https://github.com/wireapp/cryptobox-c,2015-12-11 15:02:09,C,,28,17,28,2,166,wireapp/cryptobox-c,wireapp/cryptobox-c,0,18,18,17,0,6,0,213,2,0,2,0,17,202.0,54.0,27.0,51.0,27.0,97.0,0
wireapp/cryptobox-c,10,0,0,0,0,12,20,0,50,0.0,47832811,wireapp/cryptobox-c,https://github.com/wireapp/cryptobox-c,2015-12-11 15:02:09,C,,28,17,28,2,165,wireapp/cryptobox-c,wireapp/cryptobox-c,0,18,18,17,0,6,0,213,2,0,2,0,17,202.0,54.0,27.0,51.0,27.0,97.0,0
wireapp/cryptobox-c,10,0,0,0,0,12,20,0,50,0.0,47832811,wireapp/cryptobox-c,https://github.com/wireapp/cryptobox-c,2015-12-11 15:02:09,C,,28,17,28,2,166,wireapp/cryptobox-c,wireapp/cryptobox-c,0,18,18,17,0,6,0,213,2,0,2,0,17,202.0,54.0,27.0,51.0,27.0,97.0,0
wireapp/cryptobox-c,10,0,0,0,0,12,20,0,50,0.0,47832811,wireapp/cryptobox-c,https://github.com/wireapp/cryptobox-c,2015-12-11 15:02:09,C,,28,17,28,2,165,wireapp/cryptobox-c,wireapp/cryptobox-c,0,18,18,17,0,6,0,213,2,0,2,0,17,202.0,54.0,27.0,51.0,27.0,97.0,0
wireapp/cryptobox-c,10,0,0,0,0,12,20,0,50,0.0,47832811,wireapp/cryptobox-c,https://github.com/wireapp/cryptobox-c,2015-12-11 15:02:09,C,,28,17,28,2,166,wireapp/cryptobox-c,wireapp/cryptobox-c,0,18,18,17,0,6,0,213,2,0,2,0,17,202.0,54.0,27.0,51.0,27.0,97.0,0
wireapp/cryptobox-c,10,0,0,0,0,12,20,0,50,0.0,47832811,wireapp/cryptobox-c,https://github.com/wireapp/cryptobox-c,2015-12-11 15:02:09,C,,28,17,28,2,165,wireapp/cryptobox-c,wireapp/cryptobox-c,0,18,18,17,0,6,0,213,2,0,2,0,17,202.0,54.0,27.0,51.0,27.0,97.0,0
wireapp/cryptobox-c,10,0,0,0,0,12,20,0,50,0.0,47832811,wireapp/cryptobox-c,https://github.com/wireapp/cryptobox-c,2015-12-11 15:02:09,C,,28,17,28,2,166,wireapp/cryptobox-c,wireapp/cryptobox-c,0,18,18,17,0,6,0,213,2,0,2,0,17,202.0,54.0,27.0,51.0,27.0,97.0,0
markvanderloo/gower,0,5,0,0,0,0,8,0,0,3.0,60298191,markvanderloo/gower,https://github.com/markvanderloo/gower,2016-06-02 21:22:00,C,,27,2,27,7,182,markvanderloo/gower,markvanderloo/gower,0,2,2,3,0,0,0,96,5,11,16,1,11,127.0,26.0,26.0,9.0,26.0,66.0,0
sooty1892/packet-pro,15,0,0,0,0,0,0,0,0,0.0,26928628,sooty1892/packet-pro,https://github.com/sooty1892/packet-pro,2014-11-20 19:40:46,C,,26,8,26,0,176,sooty1892/packet-pro,sooty1892/packet-pro,0,0,0,7,0,0,0,276,0,0,0,0,6,80.0,17.0,25.0,29.0,25.0,1.0,0
fm4dd/viper,2,0,0,0,0,0,0,0,0,0.0,48040897,fm4dd/viper,https://github.com/fm4dd/viper,2015-12-15 12:16:16,C,,24,15,24,0,171,fm4dd/viper,fm4dd/viper,0,0,0,1,0,0,0,24,0,0,0,0,17,96.0,19.0,24.0,47.0,24.0,1.0,0
open-power/capiflash,11,0,0,0,0,0,1,0,0,4.0,45078254,open-power/capiflash,https://github.com/open-power/capiflash,2015-10-28 00:19:54,C,,23,12,23,3,175,open-power/capiflash,open-power/capiflash,0,16,16,7,0,11,0,98,3,6,9,0,15,176.0,41.0,23.0,37.0,23.0,93.0,0
billyriantono/s2geometry-node,24,0,0,0,0,6,10,0,1,0.0,63592313,billyriantono/s2geometry-node,https://github.com/billyriantono/s2geometry-node,2016-07-18 10:11:56,C,,22,10,22,6,177,billyriantono/s2geometry-node,billyriantono/s2geometry-node,0,6,6,7,0,0,0,71,6,11,17,0,17,157.0,33.0,22.0,34.0,22.0,79.0,0
bk2204/php-hash-dos,2,0,0,0,0,0,0,0,3,0.0,43464566,bk2204/php-hash-dos,https://github.com/bk2204/php-hash-dos,2015-09-30 23:05:31,C,,21,3,21,0,187,bk2204/php-hash-dos,bk2204/php-hash-dos,0,0,0,1,0,0,0,8,0,0,0,0,5,55.0,8.0,21.0,12.0,21.0,1.0,0
laozi2/concurrent-tcp-client,2,0,0,0,0,0,0,0,0,0.0,48366319,laozi2/concurrent-tcp-client,https://github.com/laozi2/concurrent-tcp-client,2015-12-21 10:39:47,C,,20,6,20,0,181,laozi2/concurrent-tcp-client,laozi2/concurrent-tcp-client,0,0,0,2,0,0,0,32,0,0,0,0,12,65.0,12.0,20.0,24.0,20.0,1.0,0
wrtnode-sdk/openwrt,0,0,0,0,0,0,0,0,0,0.0,44854750,wrtnode-sdk/openwrt,https://github.com/wrtnode-sdk/openwrt,2015-10-24 06:15:31,C,,19,77,19,1,158,wrtnode-sdk/openwrt,wrtnode-sdk/openwrt,1,0,1,11,0,0,0,265,0,0,0,0,1,183.0,43.0,19.0,99.0,19.0,46.0,0
cesanta/polar,4,0,0,0,0,0,0,0,4,1.0,32697039,cesanta/polar,https://github.com/cesanta/polar,2015-03-22 21:43:16,C,,18,6,18,1,185,cesanta/polar,cesanta/polar,0,2,2,3,0,0,0,5,1,0,1,0,2,126.0,25.0,18.0,24.0,18.0,66.0,0
SwiftOnTheServer/CCurl,2,0,0,0,0,0,0,0,10,5.0,48454835,SwiftOnTheServer/CCurl,https://github.com/SwiftOnTheServer/CCurl,2015-12-22 21:29:31,C,,17,7,17,0,184,SwiftOnTheServer/CCurl,SwiftOnTheServer/CCurl,0,0,0,1,0,0,0,8,0,0,0,0,4,62.0,10.0,17.0,27.0,17.0,1.0,0
hikdo/idevice,0,1,1,0,0,1,1,0,0,0.0,45178926,hikdo/idevice,https://github.com/hikdo/idevice,2015-10-29 11:28:48,C,,16,8,16,0,183,hikdo/idevice,hikdo/idevice,0,0,0,5,0,0,0,12,0,0,0,0,8,62.0,10.0,16.0,29.0,16.0,1.0,0
Lyq1st/chromeExtInstaller,0,0,0,0,0,0,0,0,2,0.0,34974669,Lyq1st/chromeExtInstaller,https://github.com/Lyq1st/chromeExtInstaller,2015-05-03 05:18:53,C,,15,13,15,1,178,Lyq1st/chromeExtInstaller,Lyq1st/chromeExtInstaller,0,0,0,1,0,0,0,24,1,1,2,0,7,72.0,13.0,15.0,41.0,15.0,1.0,0
kolasa/fglrx-core-15.201,0,0,0,0,0,0,0,0,0,0.0,42597143,kolasa/fglrx-core-15.201,https://github.com/kolasa/fglrx-core-15.201,2015-09-16 15:49:34,C,,14,4,14,2,189,kolasa/fglrx-core-15.201,kolasa/fglrx-core-15.201,0,1,1,1,0,0,0,7,2,3,5,0,1,89.0,18.0,14.0,15.0,14.0,46.0,0
spaze/upc_keys-lambda,2,0,0,0,0,0,2,0,5,0.0,59505433,spaze/upc_keys-lambda,https://github.com/spaze/upc_keys-lambda,2016-05-23 17:45:57,C,,13,12,13,1,180,spaze/upc_keys-lambda,spaze/upc_keys-lambda,0,2,2,2,0,0,0,18,1,0,1,0,4,129.0,27.0,13.0,37.0,13.0,66.0,0
pili-engineering/cpili,2,0,0,0,0,0,0,0,0,4.0,42533427,pili-engineering/cpili,https://github.com/pili-engineering/cpili,2015-09-15 16:57:10,C,,12,10,12,0,186,pili-engineering/cpili,pili-engineering/cpili,0,0,0,1,0,0,0,34,0,1,1,0,11,59.0,9.0,12.0,34.0,12.0,1.0,0
mpatraw/butterfly,50,2,0,0,0,2,4,0,4,7.0,43098304,mpatraw/butterfly,https://github.com/mpatraw/butterfly,2015-09-24 23:23:23,C,,11,0,11,0,193,mpatraw/butterfly,mpatraw/butterfly,0,0,0,2,0,0,0,99,0,0,0,0,43,24.0,5.0,11.0,1.0,11.0,1.0,0
starwing/lua-miniz,0,0,0,0,0,0,0,0,0,0.0,44051082,starwing/lua-miniz,https://github.com/starwing/lua-miniz,2015-10-11 12:22:46,C,,10,3,10,0,191,starwing/lua-miniz,starwing/lua-miniz,0,1,1,2,0,0,0,13,0,1,1,0,3,78.0,15.0,10.0,12.0,10.0,46.0,0
LeMaker/linux-actions,22,0,0,0,0,0,0,0,0,0.0,44366590,LeMaker/linux-actions,https://github.com/LeMaker/linux-actions,2015-10-16 06:29:29,C,,9,8,9,4,188,LeMaker/linux-actions,LeMaker/linux-actions,0,0,0,13503,0,0,0,386144,4,2,6,0,33,48.0,7.0,9.0,29.0,9.0,1.0,0
pts/pts-swiggle,4,0,0,0,0,0,1,0,0,0.0,44336674,pts/pts-swiggle,https://github.com/pts/pts-swiggle,2015-10-15 18:19:14,C,,8,1,8,0,194,pts/pts-swiggle,pts/pts-swiggle,0,0,0,1,0,0,0,63,0,0,0,0,1,20.0,4.0,8.0,3.0,8.0,1.0,0
rebelbot/OptimizerLesson,0,0,0,0,0,0,0,0,0,0.0,43264120,rebelbot/OptimizerLesson,https://github.com/rebelbot/OptimizerLesson,2015-09-27 20:41:06,C,,7,5,7,0,190,rebelbot/OptimizerLesson,rebelbot/OptimizerLesson,0,2,2,2,0,2,0,7,0,0,0,0,1,100.0,20.0,7.0,20.0,7.0,66.0,0
beebeeep/recent,0,0,0,0,0,0,0,0,0,0.0,35348465,beebeeep/recent,https://github.com/beebeeep/recent,2015-05-09 22:51:29,C,,6,1,6,0,196,beebeeep/recent,beebeeep/recent,0,0,0,3,0,0,0,11,0,0,0,0,2,16.0,3.0,6.0,3.0,6.0,1.0,0
JayKothari/uart_rtdm,0,0,0,0,0,0,0,0,0,0.0,35539614,JayKothari/uart_rtdm,https://github.com/JayKothari/uart_rtdm,2015-05-13 09:18:34,C,,5,1,5,0,197,JayKothari/uart_rtdm,JayKothari/uart_rtdm,0,0,0,1,0,0,0,6,0,0,0,0,2,14.0,2.0,5.0,3.0,5.0,1.0,0
lariodiniz/REFO,0,0,0,0,0,0,0,0,0,0.0,35342472,lariodiniz/REFO,https://github.com/lariodiniz/REFO,2015-05-09 19:40:28,C,,4,1,4,0,198,lariodiniz/REFO,lariodiniz/REFO,0,2,2,2,0,0,0,12,0,0,0,0,1,77.0,14.0,4.0,3.0,4.0,66.0,0
OpenKore/grftool,15,0,0,0,0,0,0,0,0,0.0,43469679,OpenKore/grftool,https://github.com/OpenKore/grftool,2015-10-01 00:35:12,C,,3,5,3,0,192,OpenKore/grftool,OpenKore/grftool,0,0,0,1,0,0,0,5,0,0,0,0,1,27.0,6.0,3.0,20.0,3.0,1.0,0
HomeBankCode/lena-its-tools,9,0,0,0,0,0,0,0,3,0.0,35401620,HomeBankCode/lena-its-tools,https://github.com/HomeBankCode/lena-its-tools,2015-05-11 04:12:46,C,,2,3,2,0,195,HomeBankCode/lena-its-tools,HomeBankCode/lena-its-tools,0,17,17,5,0,2,0,130,0,0,0,0,10,111.0,23.0,2.0,12.0,2.0,95.0,0
azaz12345/ShmDebug,4,0,0,0,0,0,0,0,0,0.0,35488203,azaz12345/ShmDebug,https://github.com/azaz12345/ShmDebug,2015-05-12 13:04:42,C,,1,0,1,0,199,azaz12345/ShmDebug,azaz12345/ShmDebug,0,0,0,1,0,0,0,3,0,0,0,0,2,4.0,1.0,1.0,1.0,1.0,1.0,0
