Name,List,Image,Animation,Video,Table,Github,Links,Project,Inline,Code,repository_ID,fullname,URL,created_date,language,description,number_of_stars,num_of_forks,num_of_watchers,open_issue_count,repo_id,repository,community,downloads,releases,assets,commits,open_issues,closed_issues,total_issues,open_prs,closed_prs,total_prs,readme_issues,readme_commits,Rank,Rank_real,star_rank,fork_rank,watchers_rank,pullrequest_rank,label
tensorflow/tensorflow,21,17,0,0,0,5,66,0,2,4.0,45717250,tensorflow/tensorflow,https://github.com/tensorflow/tensorflow,2015-11-07 01:19:20,C++,,161034,85890,161034,2805,0,tensorflow/tensorflow,3720.0,0.0,2.0,0.0,126316.0,2334.0,31882.0,34216.0,332.0,20188.0,20520.0,1.0,247.0,772.0,194.0,194.0,194.0,194.0,190.0,1
bitcoin/bitcoin,0,0,0,0,0,1,2,0,3,0.0,1181927,bitcoin/bitcoin,https://github.com/bitcoin/bitcoin,2010-12-19 15:16:43,C++,,59820,30755,59820,1022,1,bitcoin/bitcoin,1075.0,0.0,2.0,0.0,32903.0,607.0,6159.0,6766.0,418.0,16516.0,16934.0,1.0,67.0,766.0,192.0,193.0,193.0,193.0,187.0,1
apple/swift,14,16,0,0,0,9,20,0,17,3.0,44838949,apple/swift,https://github.com/apple/swift,2015-10-23 21:15:07,C++,,58057,9297,58057,479,2,apple/swift,1295.0,0.0,2.0,0.0,132944.0,0.0,0.0,0.0,496.0,41084.0,41580.0,0.0,230.0,765.0,191.0,192.0,188.0,192.0,193.0,1
pytorch/pytorch,52,9,1,0,5,16,59,1,16,15.0,65600975,pytorch/pytorch,https://github.com/pytorch/pytorch,2016-08-13 05:26:41,C++,,52539,14419,52539,10630,3,pytorch/pytorch,3086.0,2499.0,30.0,3.0,44377.0,7715.0,17139.0,24854.0,3640.0,45325.0,48965.0,15.0,203.0,766.0,192.0,191.0,190.0,191.0,194.0,1
protocolbuffers/protobuf,0,0,0,0,0,3,5,0,0,0.0,23357588,protocolbuffers/protobuf,https://github.com/protocolbuffers/protobuf,2014-08-26 15:52:15,C++,,52120,13498,52120,974,4,protocolbuffers/protobuf,974.0,555315.0,30.0,781.0,9148.0,921.0,3954.0,4875.0,35.0,4548.0,4583.0,0.0,37.0,741.0,188.0,190.0,189.0,190.0,172.0,1
godotengine/godot,0,5,0,0,0,7,24,2,0,0.0,15634981,godotengine/godot,https://github.com/godotengine/godot,2014-01-04 16:05:36,C++,,44285,7999,44285,6803,5,godotengine/godot,1874.0,1276.0,30.0,347.0,41949.0,5932.0,26451.0,32383.0,1341.0,23744.0,25085.0,4.0,40.0,754.0,190.0,189.0,184.0,189.0,192.0,1
tesseract-ocr/tesseract,12,9,0,0,0,12,40,0,4,0.0,22887094,tesseract-ocr/tesseract,https://github.com/tesseract-ocr/tesseract,2014-08-12 18:04:59,C++,,43004,7662,43004,343,6,tesseract-ocr/tesseract,200.0,0.0,2.0,0.0,5954.0,349.0,1933.0,2282.0,9.0,1440.0,1449.0,1.0,76.0,713.0,186.0,188.0,182.0,188.0,155.0,1
x64dbg/x64dbg,43,5,0,0,0,14,32,3,2,0.0,33791743,x64dbg/x64dbg,https://github.com/x64dbg/x64dbg,2015-04-11 20:48:23,C++,,37747,1728,37747,506,7,x64dbg/x64dbg,120.0,4403.0,3.0,5.0,4824.0,485.0,1619.0,2104.0,15.0,670.0,685.0,2.0,55.0,633.0,167.0,187.0,121.0,187.0,138.0,1
grpc/grpc,12,1,0,0,0,13,19,0,10,0.0,27729880,grpc/grpc,https://github.com/grpc/grpc,2014-12-08 18:58:53,C++,,32601,8565,32601,972,9,grpc/grpc,883.0,11308.0,30.0,24.0,50586.0,816.0,9243.0,10059.0,252.0,18491.0,18743.0,0.0,74.0,748.0,189.0,186.0,187.0,186.0,189.0,1
BVLC/caffe,7,3,0,0,0,6,15,0,0,0.0,12791642,BVLC/caffe,https://github.com/BVLC/caffe,2013-09-12 18:39:48,C++,,32119,18907,32119,1176,10,BVLC/caffe,328.0,0.0,2.0,0.0,4156.0,888.0,3882.0,4770.0,287.0,1936.0,2223.0,0.0,35.0,726.0,187.0,185.0,192.0,185.0,164.0,1
ariya/phantomjs,11,0,0,0,0,2,12,0,1,0.0,1200050,ariya/phantomjs,https://github.com/ariya/phantomjs,2010-12-27 08:18:58,C++,,28628,5825,28628,14,11,ariya/phantomjs,180.0,0.0,2.0,0.0,1958.0,15.0,4721.0,4736.0,0.0,1051.0,1051.0,11.0,55.0,689.0,179.0,184.0,175.0,184.0,146.0,1
nlohmann/json,363,22,1,0,0,323,387,12,130,45.0,11171548,nlohmann/json,https://github.com/nlohmann/json,2013-07-04 08:47:49,C++,,27651,4715,27651,44,12,nlohmann/json,256.0,2431186.0,30.0,110.0,4326.0,29.0,1937.0,1966.0,21.0,703.0,724.0,5.0,565.0,675.0,177.0,183.0,170.0,183.0,139.0,1
google/leveldb,25,1,0,0,0,3,8,0,2,6.0,23405758,google/leveldb,https://github.com/google/leveldb,2014-08-27 21:17:52,C++,,27179,6084,27179,241,13,google/leveldb,71.0,0.0,2.0,0.0,415.0,150.0,511.0,661.0,58.0,251.0,309.0,9.0,22.0,663.0,174.0,182.0,177.0,182.0,122.0,1
rethinkdb/rethinkdb,37,3,0,0,0,12,33,1,0,0.0,6452529,rethinkdb/rethinkdb,https://github.com/rethinkdb/rethinkdb,2012-10-30 05:37:47,C++,,25132,1831,25132,1433,14,rethinkdb/rethinkdb,260.0,0.0,2.0,0.0,33438.0,1399.0,4950.0,6349.0,19.0,616.0,635.0,0.0,59.0,623.0,163.0,181.0,125.0,181.0,136.0,1
aria2/aria2,106,0,0,0,0,0,5,0,96,0.0,1116542,aria2/aria2,https://github.com/aria2/aria2,2010-11-27 09:41:48,C++,,24876,2842,24876,864,15,aria2/aria2,65.0,222578.0,23.0,174.0,5290.0,854.0,734.0,1588.0,40.0,248.0,288.0,0.0,57.0,620.0,160.0,180.0,139.0,180.0,121.0,1
google/googletest,24,0,0,0,0,9,21,0,2,0.0,39840932,google/googletest,https://github.com/google/googletest,2015-07-28 15:07:53,C++,,24348,8071,24348,216,16,google/googletest,410.0,0.0,2.0,0.0,3858.0,180.0,1708.0,1888.0,32.0,1665.0,1697.0,2.0,92.0,703.0,184.0,179.0,185.0,179.0,160.0,1
microsoft/calculator,18,3,0,0,0,3,11,1,1,1.0,168008797,microsoft/calculator,https://github.com/microsoft/calculator,2019-01-28 17:55:49,C++,,23206,4194,23206,240,17,microsoft/calculator,96.0,0.0,2.0,0.0,721.0,247.0,617.0,864.0,9.0,909.0,918.0,2.0,20.0,662.0,173.0,178.0,162.0,178.0,144.0,1
cmderdev/cmder,74,3,0,0,0,9,16,0,115,9.0,11276147,cmderdev/cmder,https://github.com/cmderdev/cmder,2013-07-09 07:44:22,C++,,23122,1895,23122,16,18,cmderdev/cmder,160.0,1333634.0,30.0,106.0,1340.0,26.0,2094.0,2120.0,0.0,504.0,504.0,8.0,94.0,609.0,157.0,177.0,127.0,177.0,128.0,1
CMU-Perceptual-Computing-Lab/openpose,24,1,5,1,0,5,16,1,3,4.0,89247811,CMU-Perceptual-Computing-Lab/openpose,https://github.com/CMU-Perceptual-Computing-Lab/openpose,2017-04-24 14:06:31,C++,,22741,6798,22741,172,19,CMU-Perceptual-Computing-Lab/openpose,98.0,107099.0,15.0,20.0,692.0,131.0,1627.0,1758.0,8.0,213.0,221.0,2.0,136.0,649.0,171.0,176.0,178.0,176.0,119.0,1
topjohnwu/Magisk,19,5,0,0,0,4,10,0,11,0.0,67702184,topjohnwu/Magisk,https://github.com/topjohnwu/Magisk,2016-09-08 12:42:53,C++,,22018,4967,22018,62,20,topjohnwu/Magisk,274.0,26977004.0,30.0,56.0,5637.0,38.0,3958.0,3996.0,10.0,1409.0,1419.0,2.0,75.0,676.0,178.0,175.0,172.0,175.0,154.0,1
dmlc/xgboost,2,25,0,0,0,2,33,0,0,0.0,16587283,dmlc/xgboost,https://github.com/dmlc/xgboost,2014-02-06 17:28:03,C++,,21952,8249,21952,309,21,dmlc/xgboost,572.0,2599.0,30.0,38.0,5689.0,244.0,4066.0,4310.0,53.0,3348.0,3401.0,0.0,184.0,704.0,185.0,174.0,186.0,174.0,170.0,1
huihut/interview,733,40,0,0,0,35,96,0,93,62.0,120887835,huihut/interview,https://github.com/huihut/interview,2018-02-09 09:49:48,C++,,21470,6003,21470,5,22,huihut/interview,25.0,0.0,2.0,0.0,365.0,3.0,39.0,42.0,2.0,41.0,43.0,19.0,256.0,622.0,162.0,173.0,176.0,173.0,100.0,1
facebook/rocksdb,0,4,0,0,0,2,6,0,1,0.0,6934395,facebook/rocksdb,https://github.com/facebook/rocksdb,2012-11-30 06:16:18,C++,,21320,4796,21320,633,23,facebook/rocksdb,900.0,0.0,2.0,0.0,10815.0,414.0,2036.0,2450.0,259.0,6731.0,6990.0,2.0,17.0,693.0,180.0,172.0,171.0,172.0,178.0,1
ClickHouse/ClickHouse,8,1,0,1,0,1,9,0,0,0.0,60246359,ClickHouse/ClickHouse,https://github.com/ClickHouse/ClickHouse,2016-06-02 08:28:18,C++,,20833,4050,20833,1848,24,ClickHouse/ClickHouse,1325.0,726.0,30.0,468.0,84083.0,1850.0,8970.0,10820.0,190.0,23996.0,24186.0,0.0,149.0,693.0,180.0,171.0,160.0,171.0,191.0,1
mongodb/mongo,5,1,0,0,0,0,0,0,6,3.0,108110,mongodb/mongo,https://github.com/mongodb/mongo,2009-01-15 16:15:18,C++,,20803,5030,20803,54,25,mongodb/mongo,919.0,0.0,2.0,0.0,63612.0,0.0,0.0,0.0,58.0,1358.0,1416.0,0.0,1.0,666.0,175.0,170.0,173.0,170.0,153.0,1
facebook/folly,2,1,0,0,0,3,3,0,39,10.0,4524181,facebook/folly,https://github.com/facebook/folly,2012-06-01 20:49:04,C++,,20566,4394,20566,340,26,facebook/folly,1109.0,3273.0,30.0,60.0,10544.0,299.0,600.0,899.0,58.0,741.0,799.0,9.0,45.0,645.0,170.0,169.0,166.0,169.0,141.0,1
apache/incubator-mxnet,40,10,0,0,0,31,52,2,0,0.0,34864402,apache/incubator-mxnet,https://github.com/apache/incubator-mxnet,2015-04-30 16:21:15,C++,,19775,6882,19775,1950,27,apache/incubator-mxnet,1001.0,21535.0,30.0,49.0,11804.0,1764.0,7709.0,9473.0,216.0,10728.0,10944.0,0.0,149.0,699.0,182.0,168.0,180.0,168.0,183.0,1
ApolloAuto/apollo,43,16,0,0,0,4,16,0,0,3.0,96246170,ApolloAuto/apollo,https://github.com/ApolloAuto/apollo,2017-07-04 19:03:31,C++,,19688,7899,19688,1039,28,ApolloAuto/apollo,436.0,31821.0,10.0,10.0,18068.0,1064.0,2466.0,3530.0,59.0,10725.0,10784.0,0.0,126.0,699.0,182.0,167.0,183.0,167.0,182.0,1
uglide/RedisDesktopManager,0,6,0,0,0,1,10,0,0,0.0,11892946,uglide/RedisDesktopManager,https://github.com/uglide/RedisDesktopManager,2013-08-05 07:51:08,C++,,19332,3040,19332,27,29,uglide/RedisDesktopManager,82.0,0.0,2.0,0.0,2093.0,28.0,4464.0,4492.0,4.0,535.0,539.0,0.0,94.0,606.0,155.0,166.0,143.0,166.0,131.0,1
v8/v8,0,0,0,0,0,0,2,0,2,0.0,24420506,v8/v8,https://github.com/v8/v8,2014-09-24 15:24:30,C++,,18727,3525,18727,0,30,v8/v8,845.0,0.0,2.0,0.0,73931.0,0.0,0.0,0.0,0.0,4.0,4.0,0.0,6.0,554.0,141.0,165.0,157.0,165.0,67.0,1
mozilla/DeepSpeech,0,0,0,0,0,0,0,0,5,0.0,60273704,mozilla/DeepSpeech,https://github.com/mozilla/DeepSpeech,2016-06-02 15:04:53,C++,,18584,3346,18584,127,31,mozilla/DeepSpeech,175.0,27568.0,30.0,871.0,3466.0,106.0,1947.0,2053.0,16.0,1625.0,1641.0,4.0,33.0,638.0,169.0,164.0,152.0,164.0,158.0,1
envoyproxy/envoy,30,5,0,2,0,5,33,0,0,0.0,65214191,envoyproxy/envoy,https://github.com/envoyproxy/envoy,2016-08-08 15:07:24,C++,,18466,3429,18466,1210,32,envoyproxy/envoy,986.0,0.0,2.0,0.0,10743.0,1131.0,5818.0,6949.0,139.0,13170.0,13309.0,13.0,62.0,666.0,175.0,163.0,155.0,163.0,185.0,1
osquery/osquery,12,2,0,0,0,5,21,1,3,6.0,22394357,osquery/osquery,https://github.com/osquery/osquery,2014-07-29 20:27:33,C++,,18439,2237,18439,530,33,osquery/osquery,435.0,1258.0,30.0,143.0,6055.0,484.0,2417.0,2901.0,29.0,4441.0,4470.0,2.0,104.0,625.0,164.0,162.0,130.0,162.0,171.0,1
alibaba/weex,0,4,0,0,0,2,5,0,0,0.0,53658802,alibaba/weex,https://github.com/alibaba/weex,2016-03-11 10:18:11,C++,,17774,2156,17774,23,34,alibaba/weex,307.0,0.0,2.0,0.0,12033.0,26.0,1882.0,1908.0,1.0,1374.0,1375.0,10.0,96.0,603.0,151.0,161.0,129.0,161.0,152.0,1
taichi-dev/taichi,12,15,6,3,0,20,30,0,0,1.0,74660642,taichi-dev/taichi,https://github.com/taichi-dev/taichi,2016-11-24 10:00:05,C++,,17523,1792,17523,421,35,taichi-dev/taichi,184.0,0.0,2.0,0.0,8422.0,406.0,1103.0,1509.0,35.0,2929.0,2964.0,0.0,287.0,611.0,158.0,160.0,124.0,160.0,167.0,1
telegramdesktop/tdesktop,37,4,0,0,0,17,38,0,0,0.0,19374812,telegramdesktop/tdesktop,https://github.com/telegramdesktop/tdesktop,2014-05-02 12:36:31,C++,,17411,3707,17411,705,36,telegramdesktop/tdesktop,173.0,8361.0,30.0,177.0,12010.0,713.0,10057.0,10770.0,11.0,1259.0,1270.0,3.0,101.0,626.0,165.0,159.0,159.0,159.0,149.0,1
yuzu-emu/yuzu,7,1,0,0,0,6,17,0,0,0.0,116167731,yuzu-emu/yuzu,https://github.com/yuzu-emu/yuzu,2018-01-03 18:13:57,C++,,17243,1459,17243,839,37,yuzu-emu/yuzu,329.0,0.0,2.0,0.0,20945.0,897.0,1605.0,2502.0,45.0,4935.0,4980.0,0.0,69.0,604.0,152.0,158.0,115.0,158.0,173.0,1
swoole/swoole-src,28,11,0,0,0,15,25,1,17,15.0,5133949,swoole/swoole-src,https://github.com/swoole/swoole-src,2012-07-21 13:49:59,C++,,17149,3176,17149,69,38,swoole/swoole-src,198.0,3996.0,30.0,14.0,12441.0,81.0,2929.0,3010.0,2.0,1572.0,1574.0,0.0,172.0,619.0,159.0,157.0,148.0,157.0,157.0,1
facebook/hhvm,5,0,0,0,0,2,16,0,3,0.0,455600,facebook/hhvm,https://github.com/facebook/hhvm,2010-01-02 01:17:06,C++,,17143,2971,17143,632,39,facebook/hhvm,1309.0,0.0,2.0,0.0,47722.0,594.0,5278.0,5872.0,62.0,2929.0,2991.0,0.0,80.0,621.0,161.0,156.0,141.0,156.0,168.0,1
google/flatbuffers,21,6,0,0,0,0,5,0,1,0.0,19953044,google/flatbuffers,https://github.com/google/flatbuffers,2014-05-19 18:33:01,C++,,17120,2671,17120,134,40,google/flatbuffers,573.0,40056.0,18.0,17.0,2520.0,122.0,1756.0,1878.0,14.0,1869.0,1883.0,0.0,21.0,608.0,156.0,155.0,136.0,155.0,162.0,1
microsoft/CNTK,134,3,0,0,0,4,27,0,61,1.0,46918116,microsoft/CNTK,https://github.com/microsoft/CNTK,2015-11-26 09:52:06,C++,,17117,4386,17117,838,41,microsoft/CNTK,296.0,5123.0,30.0,29.0,16116.0,753.0,2527.0,3280.0,82.0,457.0,539.0,0.0,150.0,604.0,152.0,154.0,165.0,154.0,131.0,1
Light-City/CPlusPlusThings,125,2,0,0,0,0,3,0,3,4.0,196813750,Light-City/CPlusPlusThings,https://github.com/Light-City/CPlusPlusThings,2019-07-14 08:45:45,C++,,17027,4108,17027,69,42,Light-City/CPlusPlusThings,22.0,0.0,2.0,0.0,196.0,52.0,91.0,143.0,21.0,36.0,57.0,0.0,85.0,570.0,145.0,153.0,161.0,153.0,103.0,1
TheAlgorithms/C-Plus-Plus,7,12,0,0,0,9,20,0,0,0.0,63477612,TheAlgorithms/C-Plus-Plus,https://github.com/TheAlgorithms/C-Plus-Plus,2016-07-16 10:19:45,C++,,16980,4609,16980,147,43,TheAlgorithms/C-Plus-Plus,285.0,0.0,2.0,0.0,1555.0,7.0,184.0,191.0,61.0,1675.0,1736.0,2.0,31.0,634.0,168.0,152.0,169.0,152.0,161.0,1
vnpy/vnpy,33,2,0,0,0,9,15,0,4,4.0,31522041,vnpy/vnpy,https://github.com/vnpy/vnpy,2015-03-02 03:36:58,C++,,16937,6834,16937,9,44,vnpy/vnpy,144.0,0.0,2.0,0.0,6335.0,12.0,1861.0,1873.0,1.0,1344.0,1345.0,1.0,182.0,632.0,166.0,151.0,179.0,151.0,151.0,1
SerenityOS/serenity,89,6,0,0,0,42,50,0,2,0.0,160083795,SerenityOS/serenity,https://github.com/SerenityOS/serenity,2018-12-02 19:28:41,C++,,16704,1720,16704,548,45,SerenityOS/serenity,782.0,0.0,2.0,0.0,35425.0,479.0,2347.0,2826.0,82.0,9998.0,10080.0,0.0,46.0,600.0,150.0,150.0,120.0,150.0,180.0,1
ossrs/srs,56,14,1,1,0,26,43,0,0,2.0,34777562,ossrs/srs,https://github.com/ossrs/srs,2015-04-29 06:59:32,C++,,16576,4195,16576,175,46,ossrs/srs,120.0,2296.0,30.0,45.0,8019.0,174.0,835.0,1009.0,13.0,411.0,424.0,4.0,1861.0,585.0,147.0,149.0,163.0,149.0,124.0,1
Tencent/mars,50,12,0,0,0,30,30,0,3,49.5,76222419,Tencent/mars,https://github.com/Tencent/mars,2016-12-12 04:39:54,C++,,15881,3332,15881,318,47,Tencent/mars,53.0,0.0,2.0,0.0,1515.0,322.0,580.0,902.0,9.0,94.0,103.0,1.0,45.0,555.0,142.0,148.0,151.0,148.0,108.0,1
microsoft/winget-cli,14,2,1,0,0,6,18,2,3,0.5,197275130,microsoft/winget-cli,https://github.com/microsoft/winget-cli,2019-07-16 22:16:49,C++,,15777,789,15777,381,48,microsoft/winget-cli,72.0,169696.0,21.0,37.0,551.0,432.0,651.0,1083.0,14.0,619.0,633.0,0.0,35.0,531.0,131.0,147.0,102.0,147.0,135.0,1
changkun/modern-cpp-tutorial,6,3,0,0,0,2,11,0,0,1.0,66088979,changkun/modern-cpp-tutorial,https://github.com/changkun/modern-cpp-tutorial,2016-08-19 14:39:15,C++,,15776,1997,15776,4,49,changkun/modern-cpp-tutorial,66.0,369.0,3.0,4.0,257.0,5.0,97.0,102.0,1.0,118.0,119.0,19.0,45.0,529.0,129.0,146.0,128.0,146.0,109.0,1
sqlitebrowser/sqlitebrowser,52,2,0,0,0,34,43,0,1,1.0,19416551,sqlitebrowser/sqlitebrowser,https://github.com/sqlitebrowser/sqlitebrowser,2014-05-04 01:54:44,C++,,15738,1746,15738,502,50,sqlitebrowser/sqlitebrowser,165.0,1796072.0,30.0,128.0,3698.0,523.0,1904.0,2427.0,7.0,475.0,482.0,5.0,120.0,540.0,135.0,145.0,123.0,145.0,127.0,1
electronicarts/CnC_Remastered_Collection,0,0,0,0,0,0,0,0,0,0.0,251383553,electronicarts/CnC_Remastered_Collection,https://github.com/electronicarts/CnC_Remastered_Collection,2020-03-30 17:48:04,C++,,15732,4257,15732,83,51,electronicarts/CnC_Remastered_Collection,3.0,0.0,2.0,0.0,12.0,73.0,20.0,93.0,11.0,10.0,21.0,0.0,1.0,546.0,138.0,144.0,164.0,144.0,94.0,1
cocos2d/cocos2d-x,66,3,0,0,0,6,22,0,5,3.0,1093228,cocos2d/cocos2d-x,https://github.com/cocos2d/cocos2d-x,2010-11-18 23:17:00,C++,,15679,6993,15679,1566,52,cocos2d/cocos2d-x,855.0,0.0,2.0,0.0,37358.0,1384.0,3532.0,4916.0,193.0,15495.0,15688.0,0.0,100.0,653.0,172.0,143.0,181.0,143.0,186.0,1
ValveSoftware/Proton,0,0,0,0,0,1,1,0,60,10.0,125098880,ValveSoftware/Proton,https://github.com/ValveSoftware/Proton,2018-03-13 18:45:27,C++,,15618,674,15618,3161,53,ValveSoftware/Proton,76.0,0.0,2.0,0.0,1266.0,3291.0,2093.0,5384.0,8.0,146.0,154.0,1.0,95.0,493.0,115.0,142.0,98.0,142.0,111.0,1
haoel/leetcode,0,0,0,1,0,0,558,0,0,0.0,25449064,haoel/leetcode,https://github.com/haoel/leetcode,2014-10-20 03:22:04,C++,,15480,4565,15480,25,54,haoel/leetcode,59.0,0.0,2.0,0.0,787.0,20.0,36.0,56.0,11.0,200.0,211.0,0.0,437.0,567.0,144.0,141.0,168.0,141.0,117.0,1
facebookresearch/faiss,12,0,0,0,0,6,11,1,1,1.0,81227005,facebookresearch/faiss,https://github.com/facebookresearch/faiss,2017-02-07 16:07:05,C++,,15295,2415,15295,225,55,facebookresearch/faiss,97.0,0.0,2.0,0.0,599.0,189.0,1547.0,1736.0,9.0,456.0,465.0,0.0,44.0,539.0,134.0,140.0,133.0,140.0,126.0,1
flameshot-org/flameshot,97,1,1,0,0,17,44,2,23,22.0,90902132,flameshot-org/flameshot,https://github.com/flameshot-org/flameshot,2017-05-10 19:44:51,C++,,15292,958,15292,328,56,flameshot-org/flameshot,202.0,38599.0,22.0,319.0,1675.0,304.0,1310.0,1614.0,10.0,794.0,804.0,2.0,155.0,526.0,128.0,139.0,106.0,139.0,142.0,1
trojan-gfw/trojan,4,1,0,0,0,1,7,0,1,0.0,107794782,trojan-gfw/trojan,https://github.com/trojan-gfw/trojan,2017-10-21 16:07:42,C++,,15192,2706,15192,19,57,trojan-gfw/trojan,23.0,916590.0,30.0,146.0,466.0,26.0,509.0,535.0,3.0,74.0,77.0,1.0,29.0,519.0,125.0,138.0,137.0,138.0,106.0,1
simdjson/simdjson,46,9,0,0,0,23,36,7,4,3.0,126412363,simdjson/simdjson,https://github.com/simdjson/simdjson,2018-03-23 00:49:18,C++,,15074,772,15074,116,58,simdjson/simdjson,101.0,389.0,29.0,6.0,2358.0,118.0,556.0,674.0,4.0,1069.0,1073.0,0.0,264.0,522.0,126.0,137.0,101.0,137.0,147.0,1
google/mediapipe,31,5,2,1,0,3,61,0,1,0.0,191820100,google/mediapipe,https://github.com/google/mediapipe,2019-06-13 19:16:41,C++,,14930,3071,14930,333,59,google/mediapipe,3.0,0.0,2.0,0.0,112.0,292.0,2696.0,2988.0,50.0,116.0,166.0,0.0,43.0,529.0,129.0,136.0,145.0,136.0,112.0,1
zhongyang219/TrafficMonitor,6,11,0,0,0,10,13,0,5,0.0,98771110,zhongyang219/TrafficMonitor,https://github.com/zhongyang219/TrafficMonitor,2017-07-30 02:51:17,C++,,14837,1699,14837,412,60,zhongyang219/TrafficMonitor,19.0,705409.0,22.0,45.0,782.0,517.0,510.0,1027.0,2.0,30.0,32.0,0.0,36.0,486.0,111.0,135.0,119.0,135.0,97.0,1
facebook/yoga,9,1,0,0,0,1,5,0,13,4.0,18503721,facebook/yoga,https://github.com/facebook/yoga,2014-04-07 01:37:37,C++,,14815,1243,14815,320,61,facebook/yoga,254.0,0.0,2.0,0.0,2038.0,233.0,273.0,506.0,104.0,504.0,608.0,2.0,72.0,513.0,122.0,134.0,112.0,134.0,133.0,1
notepad-plus-plus/notepad-plus-plus,7,3,0,0,0,1,5,0,0,0.0,33014811,notepad-plus-plus/notepad-plus-plus,https://github.com/notepad-plus-plus/notepad-plus-plus,2015-03-28 00:05:08,C++,,14691,3386,14691,1521,62,notepad-plus-plus/notepad-plus-plus,351.0,410290.0,30.0,536.0,4529.0,1558.0,6125.0,7683.0,6.0,2681.0,2687.0,2.0,33.0,585.0,147.0,133.0,153.0,133.0,166.0,1
aseprite/aseprite,37,3,0,0,0,9,50,0,0,0.0,23129458,aseprite/aseprite,https://github.com/aseprite/aseprite,2014-08-19 23:44:50,C++,,14658,1312,14658,1155,63,aseprite/aseprite,75.0,132672.0,30.0,30.0,7655.0,1174.0,1648.0,2822.0,17.0,329.0,346.0,4.0,73.0,500.0,117.0,132.0,113.0,132.0,123.0,1
catchorg/Catch2,6,9,0,0,0,5,10,0,2,0.0,1062572,catchorg/Catch2,https://github.com/catchorg/Catch2,2010-11-08 18:22:56,C++,,14276,2422,14276,306,64,catchorg/Catch2,318.0,268161.0,30.0,248.0,3935.0,310.0,1274.0,1584.0,16.0,766.0,782.0,2.0,219.0,536.0,132.0,131.0,134.0,131.0,140.0,1
microsoft/react-native-windows,11,1,0,0,0,6,19,0,0,0.0,48009214,microsoft/react-native-windows,https://github.com/microsoft/react-native-windows,2015-12-15 00:16:54,C++,,14221,1057,14221,674,65,microsoft/react-native-windows,214.0,0.0,2.0,0.0,6198.0,666.0,2935.0,3601.0,29.0,5972.0,6001.0,6.0,63.0,547.0,139.0,130.0,110.0,130.0,177.0,1
apache/incubator-weex,24,5,0,0,0,5,21,0,9,2.0,78186814,apache/incubator-weex,https://github.com/apache/incubator-weex,2017-01-06 08:00:06,C++,,13996,1859,13996,248,66,apache/incubator-weex,308.0,199.0,5.0,1.0,12026.0,232.0,709.0,941.0,15.0,2381.0,2396.0,0.0,94.0,549.0,140.0,129.0,126.0,129.0,165.0,1
Tencent/MMKV,42,6,0,0,0,15,17,0,30,12.0,149111813,Tencent/MMKV,https://github.com/Tencent/MMKV,2018-09-17 10:59:36,C++,,13861,1530,13861,6,67,Tencent/MMKV,27.0,0.0,2.0,0.0,1039.0,5.0,605.0,610.0,0.0,206.0,206.0,0.0,48.0,490.0,113.0,128.0,118.0,128.0,116.0,1
pqrs-org/Karabiner-Elements,13,2,0,0,0,3,7,0,7,8.0,63037806,pqrs-org/Karabiner-Elements,https://github.com/pqrs-org/Karabiner-Elements,2016-07-11 04:57:55,C++,,13795,731,13795,407,68,pqrs-org/Karabiner-Elements,37.0,1756242.0,29.0,30.0,5304.0,497.0,2454.0,2951.0,1.0,69.0,70.0,0.0,66.0,458.0,105.0,127.0,99.0,127.0,105.0,1
dogecoin/dogecoin,10,3,0,0,0,5,15,1,6,1.5,14981376,dogecoin/dogecoin,https://github.com/dogecoin/dogecoin,2013-12-06 11:38:05,C++,,13547,2387,13547,156,69,dogecoin/dogecoin,631.0,1323319.0,30.0,182.0,13953.0,109.0,961.0,1070.0,63.0,1495.0,1558.0,0.0,75.0,540.0,135.0,126.0,132.0,126.0,156.0,1
ethereum/solidity,14,5,0,0,0,3,18,1,0,1.0,40892817,ethereum/solidity,https://github.com/ethereum/solidity,2015-08-17 12:27:26,C++,,13428,3318,13428,927,70,ethereum/solidity,567.0,93809.0,30.0,144.0,21972.0,911.0,4039.0,4950.0,73.0,7378.0,7451.0,1.0,49.0,579.0,146.0,125.0,150.0,125.0,179.0,1
uNetworking/uWebSockets,2,3,0,0,0,8,9,1,2,1.0,54360307,uNetworking/uWebSockets,https://github.com/uNetworking/uWebSockets,2016-03-21 04:39:40,C++,,13375,1451,13375,26,71,uNetworking/uWebSockets,27.0,0.0,2.0,0.0,793.0,21.0,325.0,346.0,5.0,252.0,257.0,0.0,72.0,482.0,109.0,124.0,114.0,124.0,120.0,1
Tencent/ncnn,53,25,0,0,0,49,55,0,0,0.0,95879426,Tencent/ncnn,https://github.com/Tencent/ncnn,2017-06-30 10:55:37,C++,,13267,3198,13267,571,72,Tencent/ncnn,220.0,26231.0,30.0,306.0,2450.0,621.0,1809.0,2430.0,28.0,1130.0,1158.0,1.0,83.0,543.0,137.0,123.0,149.0,123.0,148.0,1
gabime/spdlog,25,2,0,0,0,7,8,1,11,25.0,26038648,gabime/spdlog,https://github.com/gabime/spdlog,2014-11-01 01:28:53,C++,,13263,2806,13263,33,73,gabime/spdlog,319.0,0.0,2.0,0.0,3953.0,31.0,1546.0,1577.0,0.0,624.0,624.0,3.0,452.0,516.0,123.0,122.0,138.0,122.0,134.0,1
xbmc/xbmc,12,14,1,0,0,8,28,0,0,0.0,1217614,xbmc/xbmc,https://github.com/xbmc/xbmc,2011-01-03 21:18:51,C++,,13117,5800,13117,857,74,xbmc/xbmc,1106.0,0.0,2.0,0.0,59813.0,719.0,2017.0,2736.0,164.0,17994.0,18158.0,0.0,25.0,604.0,152.0,121.0,174.0,121.0,188.0,1
google/libphonenumber,30,1,0,0,0,2,3,0,16,8.0,27500243,google/libphonenumber,https://github.com/google/libphonenumber,2014-12-03 18:02:17,C++,,13116,1740,13116,107,75,google/libphonenumber,136.0,0.0,2.0,0.0,1932.0,0.0,0.0,0.0,49.0,1234.0,1283.0,0.0,204.0,512.0,121.0,120.0,122.0,120.0,150.0,1
google/filament,129,19,0,0,0,11,21,0,83,7.0,143455116,google/filament,https://github.com/google/filament,2018-08-03 17:26:00,C++,,13102,1193,13102,100,76,google/filament,109.0,453.0,30.0,388.0,4658.0,95.0,1466.0,1561.0,6.0,3234.0,3240.0,0.0,226.0,518.0,124.0,119.0,111.0,119.0,169.0,1
OpenGenus/cosmos,30,0,0,0,0,4,9,0,3,0.0,103749180,OpenGenus/cosmos,https://github.com/OpenGenus/cosmos,2017-09-16 12:07:05,C++,,12922,3401,12922,2458,77,OpenGenus/cosmos,1154.0,0.0,2.0,0.0,10327.0,966.0,358.0,1324.0,1526.0,3544.0,5070.0,2.0,32.0,564.0,143.0,118.0,154.0,118.0,174.0,1
Qv2ray/Qv2ray,0,14,0,0,0,8,23,0,0,1.0,192025001,Qv2ray/Qv2ray,https://github.com/Qv2ray/Qv2ray,2019-06-15 01:51:08,C++,,12822,2501,12822,20,78,Qv2ray/Qv2ray,62.0,84982.0,30.0,217.0,3037.0,20.0,1058.0,1078.0,0.0,440.0,440.0,4.0,133.0,494.0,116.0,117.0,135.0,117.0,125.0,1
google/guetzli,14,2,0,0,0,1,8,0,8,1.0,71576450,google/guetzli,https://github.com/google/guetzli,2016-10-21 15:13:18,C++,,12602,1007,12602,124,79,google/guetzli,23.0,35185.0,5.0,22.0,145.0,103.0,68.0,171.0,20.0,81.0,101.0,3.0,20.0,446.0,103.0,116.0,107.0,116.0,107.0,1
fmtlib/fmt,57,0,0,0,0,8,19,0,92,0.0,7056202,fmtlib/fmt,https://github.com/fmtlib/fmt,2012-12-07 16:26:46,C++,,12595,1516,12595,14,80,fmtlib/fmt,376.0,1023349.0,30.0,29.0,5633.0,9.0,1799.0,1808.0,2.0,978.0,980.0,0.0,363.0,491.0,114.0,115.0,116.0,115.0,145.0,1
apache/incubator-brpc,29,2,0,0,0,5,10,0,0,0.0,102343794,apache/incubator-brpc,https://github.com/apache/incubator-brpc,2017-09-04 09:28:47,C++,,12591,3147,12591,540,81,apache/incubator-brpc,143.0,0.0,2.0,0.0,2429.0,484.0,710.0,1194.0,80.0,439.0,519.0,0.0,74.0,503.0,118.0,114.0,146.0,114.0,129.0,1
microsoft/AirSim,22,9,2,4,0,17,40,1,0,1.0,81887991,microsoft/AirSim,https://github.com/microsoft/AirSim,2017-02-14 00:52:29,C++,,12484,3506,12484,512,82,microsoft/AirSim,239.0,19621.0,26.0,218.0,3379.0,501.0,2594.0,3095.0,11.0,799.0,810.0,1.0,111.0,525.0,127.0,113.0,156.0,113.0,143.0,1
CoatiSoftware/Sourcetrail,46,3,0,0,0,8,12,0,6,9.0,47690142,CoatiSoftware/Sourcetrail,https://github.com/CoatiSoftware/Sourcetrail,2015-12-09 12:32:11,C++,,12252,837,12252,358,83,CoatiSoftware/Sourcetrail,45.0,22980.0,9.0,49.0,2760.0,356.0,680.0,1036.0,0.0,190.0,190.0,3.0,92.0,440.0,101.0,112.0,103.0,112.0,113.0,1
MarlinFirmware/Marlin,20,7,0,0,0,16,40,0,0,0.0,2200856,MarlinFirmware/Marlin,https://github.com/MarlinFirmware/Marlin,2011-08-13 08:07:20,C++,,12158,15554,12158,665,84,MarlinFirmware/Marlin,1090.0,0.0,2.0,0.0,19266.0,673.0,12328.0,13001.0,53.0,10494.0,10547.0,1.0,197.0,594.0,149.0,111.0,191.0,111.0,181.0,1
arangodb/arangodb,44,4,0,0,0,2,33,0,4,0.0,2649214,arangodb/arangodb,https://github.com/arangodb/arangodb,2011-10-26 06:42:00,C++,,11846,740,11846,663,85,arangodb/arangodb,166.0,0.0,2.0,0.0,48412.0,577.0,3648.0,4225.0,67.0,11555.0,11622.0,3.0,101.0,504.0,119.0,110.0,100.0,110.0,184.0,1
google/tink,41,0,0,0,0,2,4,0,2,5.0,20570214,google/tink,https://github.com/google/tink,2014-06-06 16:21:09,C++,,11831,1030,11831,113,86,google/tink,113.0,556.0,20.0,15.0,4516.0,105.0,291.0,396.0,23.0,168.0,191.0,0.0,97.0,441.0,102.0,109.0,109.0,109.0,114.0,1
onnx/onnx,18,5,0,0,0,6,18,0,10,19.0,102692863,onnx/onnx,https://github.com/onnx/onnx,2017-09-07 04:53:45,C++,,11761,2266,11761,494,87,onnx/onnx,256.0,17321.0,21.0,6.0,1908.0,445.0,1380.0,1825.0,75.0,2072.0,2147.0,2.0,77.0,510.0,120.0,108.0,131.0,108.0,163.0,1
wkhtmltopdf/wkhtmltopdf,0,0,0,0,0,0,0,0,0,0.0,271714,wkhtmltopdf/wkhtmltopdf,https://github.com/wkhtmltopdf/wkhtmltopdf,2009-08-07 14:27:43,C++,,11685,1527,11685,1235,88,wkhtmltopdf/wkhtmltopdf,93.0,2421.0,15.0,156.0,1172.0,1240.0,2279.0,3519.0,24.0,172.0,196.0,0.0,6.0,446.0,103.0,107.0,117.0,107.0,115.0,1
lettier/3d-game-shaders-for-beginners,34,1,1,0,0,0,2,0,1,0.0,186309296,lettier/3d-game-shaders-for-beginners,https://github.com/lettier/3d-game-shaders-for-beginners,2019-05-12 22:08:45,C++,,11635,851,11635,13,89,lettier/3d-game-shaders-for-beginners,1.0,0.0,2.0,0.0,1.0,13.0,11.0,24.0,0.0,9.0,9.0,0.0,1.0,395.0,97.0,106.0,104.0,106.0,79.0,0
keepassxreboot/keepassxc,21,6,0,0,0,3,9,0,0,0.0,52729242,keepassxreboot/keepassxc,https://github.com/keepassxreboot/keepassxc,2016-02-28 15:52:40,C++,,11523,929,11523,660,90,keepassxreboot/keepassxc,353.0,307951.0,30.0,715.0,4220.0,671.0,4815.0,5486.0,27.0,1656.0,1683.0,3.0,83.0,474.0,107.0,105.0,105.0,105.0,159.0,1
Tencent/rapidjson,54,3,0,0,0,17,26,0,18,1.0,17391973,Tencent/rapidjson,https://github.com/Tencent/rapidjson,2014-03-04 05:53:37,C++,,11501,3051,11501,544,91,Tencent/rapidjson,206.0,0.0,2.0,0.0,2407.0,502.0,845.0,1347.0,60.0,583.0,643.0,3.0,62.0,489.0,112.0,104.0,144.0,104.0,137.0,1
WerWolv/ImHex,89,8,0,0,0,16,25,1,14,5.0,311683390,WerWolv/ImHex,https://github.com/WerWolv/ImHex,2020-11-10 14:27:00,C++,,11466,576,11466,91,92,WerWolv/ImHex,58.0,4824.0,28.0,129.0,1304.0,34.0,286.0,320.0,2.0,132.0,134.0,0.0,44.0,413.0,98.0,103.0,97.0,103.0,110.0,0
EOSIO/eos,32,1,0,0,0,2,15,0,0,12.0,87335980,EOSIO/eos,https://github.com/EOSIO/eos,2017-04-05 17:09:53,C++,,11296,3659,11296,368,93,EOSIO/eos,343.0,7493.0,30.0,122.0,20554.0,297.0,4741.0,5038.0,79.0,5897.0,5976.0,0.0,282.0,538.0,133.0,102.0,158.0,102.0,176.0,1
USTC-Resource/USTC-Course,33,8,0,0,0,6,13,0,2,3.0,164782828,USTC-Resource/USTC-Course,https://github.com/USTC-Resource/USTC-Course,2019-01-09 03:48:08,C++,,11201,3162,11201,2,94,USTC-Resource/USTC-Course,11.0,0.0,2.0,0.0,86.0,2.0,8.0,10.0,0.0,14.0,14.0,0.0,18.0,436.0,99.0,101.0,147.0,101.0,87.0,0
apple/foundationdb,27,2,0,0,0,5,20,1,27,5.0,114187903,apple/foundationdb,https://github.com/apple/foundationdb,2017-12-14 01:40:42,C++,,10880,1016,10880,869,95,apple/foundationdb,259.0,424.0,30.0,616.0,18688.0,739.0,676.0,1415.0,192.0,4902.0,5094.0,2.0,64.0,483.0,110.0,100.0,108.0,100.0,175.0,1
ShiqiYu/libfacedetection,12,1,0,0,0,4,4,0,1,1.0,29518121,ShiqiYu/libfacedetection,https://github.com/ShiqiYu/libfacedetection,2015-01-20 07:47:20,C++,,10818,2905,10818,40,96,ShiqiYu/libfacedetection,26.0,0.0,2.0,0.0,189.0,37.0,256.0,293.0,3.0,30.0,33.0,2.0,83.0,436.0,99.0,99.0,140.0,99.0,98.0,0
davisking/dlib,0,1,0,0,0,3,5,0,1,6.0,16331291,davisking/dlib,https://github.com/davisking/dlib,2014-01-29 00:45:33,C++,,10745,2999,10745,40,97,davisking/dlib,184.0,24898.0,24.0,1.0,8046.0,45.0,1953.0,1998.0,6.0,528.0,534.0,0.0,11.0,468.0,106.0,98.0,142.0,98.0,130.0,1
kyleneideck/BackgroundMusic,45,2,0,1,0,19,39,2,11,3.0,52422583,kyleneideck/BackgroundMusic,https://github.com/kyleneideck/BackgroundMusic,2016-02-24 07:19:32,C++,,10571,508,10571,368,98,kyleneideck/BackgroundMusic,34.0,99204.0,30.0,70.0,352.0,383.0,138.0,521.0,0.0,34.0,34.0,4.0,85.0,389.0,96.0,97.0,96.0,97.0,99.0,0
chenshuo/muduo,0,0,0,0,0,0,0,0,0,0.0,648343,chenshuo/muduo,https://github.com/chenshuo/muduo,2010-05-05 12:58:02,C++,,10555,4424,10555,86,99,chenshuo/muduo,52.0,0.0,2.0,0.0,792.0,57.0,264.0,321.0,33.0,180.0,213.0,0.0,6.0,477.0,108.0,96.0,167.0,96.0,118.0,1
ChaojianYu/Hierarchical-Bilinear-Pooling,27,0,0,0,0,1,3,0,0,0.0,143015600,ChaojianYu/Hierarchical-Bilinear-Pooling,https://github.com/ChaojianYu/Hierarchical-Bilinear-Pooling,2018-07-31 13:09:05,C++,,99,23,99,7,185,ChaojianYu/Hierarchical-Bilinear-Pooling,1.0,0.0,2.0,0.0,6.0,7.0,3.0,10.0,0.0,0.0,0.0,0.0,6.0,259.0,75.0,95.0,68.0,95.0,1.0,0
barryWhiteHat/semaphore,29,1,0,0,0,1,2,0,19,4.0,140733383,barryWhiteHat/semaphore,https://github.com/barryWhiteHat/semaphore,2018-07-12 15:41:25,C++,,98,72,98,3,184,barryWhiteHat/semaphore,5.0,0.0,2.0,0.0,18.0,3.0,2.0,5.0,0.0,6.0,6.0,0.0,8.0,353.0,94.0,94.0,94.0,94.0,71.0,0
MayaPosch/BMaC,14,1,0,0,0,0,0,0,0,0.0,114949973,MayaPosch/BMaC,https://github.com/MayaPosch/BMaC,2017-12-21 01:53:25,C++,,97,10,97,0,183,MayaPosch/BMaC,2.0,0.0,2.0,0.0,52.0,0.0,0.0,0.0,0.0,0.0,0.0,0.0,2.0,221.0,61.0,93.0,34.0,93.0,1.0,0
deiss/fftocean,10,1,0,1,0,0,3,0,17,0.0,28350097,deiss/fftocean,https://github.com/deiss/fftocean,2014-12-22 17:32:31,C++,,96,19,96,4,182,deiss/fftocean,5.0,0.0,2.0,0.0,186.0,4.0,1.0,5.0,0.0,3.0,3.0,0.0,66.0,311.0,85.0,92.0,63.0,92.0,64.0,0
SungjoonPark/KoreanWordVectors,10,0,0,0,0,0,0,0,6,6.0,131946277,SungjoonPark/KoreanWordVectors,https://github.com/SungjoonPark/KoreanWordVectors,2018-05-03 05:34:18,C++,,95,12,95,0,181,SungjoonPark/KoreanWordVectors,1.0,0.0,2.0,0.0,9.0,0.0,2.0,2.0,0.0,0.0,0.0,0.0,8.0,223.0,63.0,91.0,40.0,91.0,1.0,0
kaelzhang/penteract-ocr,11,7,1,0,0,2,9,1,26,11.0,101128549,kaelzhang/penteract-ocr,https://github.com/kaelzhang/penteract-ocr,2017-08-23 02:28:02,C++,,94,12,94,10,180,kaelzhang/penteract-ocr,1.0,0.0,2.0,0.0,34.0,10.0,1.0,11.0,0.0,0.0,0.0,0.0,18.0,221.0,61.0,90.0,40.0,90.0,1.0,0
ThibaultReuille/graphiti,0,0,0,0,0,1,2,0,0,0.0,21020631,ThibaultReuille/graphiti,https://github.com/ThibaultReuille/graphiti,2014-06-20 00:53:07,C++,,93,22,93,7,179,ThibaultReuille/graphiti,7.0,0.0,2.0,0.0,167.0,6.0,9.0,15.0,1.0,5.0,6.0,0.0,8.0,314.0,86.0,89.0,65.0,89.0,71.0,0
uaf/uaf,36,2,1,0,0,5,8,0,1,5.0,10055010,uaf/uaf,https://github.com/uaf/uaf,2013-05-14 12:56:20,C++,,92,41,92,21,178,uaf/uaf,9.0,0.0,2.0,0.0,800.0,20.0,67.0,87.0,1.0,62.0,63.0,0.0,25.0,366.0,95.0,88.0,86.0,88.0,104.0,0
SunResearchInstitute/sys-clk-Editor,3,1,0,0,0,2,4,0,0,0.0,198738020,SunResearchInstitute/sys-clk-Editor,https://github.com/SunResearchInstitute/sys-clk-Editor,2019-07-25 01:58:37,C++,,91,7,91,1,177,SunResearchInstitute/sys-clk-Editor,8.0,7758.0,13.0,16.0,85.0,1.0,12.0,13.0,0.0,14.0,14.0,0.0,7.0,285.0,78.0,87.0,24.0,87.0,87.0,0
BEETL/BEETL,56,0,0,0,0,0,0,0,0,0.0,3658956,BEETL/BEETL,https://github.com/BEETL/BEETL,2012-03-08 10:33:08,C++,,89,23,89,2,175,BEETL/BEETL,11.0,0.0,2.0,0.0,113.0,2.0,12.0,14.0,0.0,2.0,2.0,0.0,17.0,297.0,83.0,86.0,68.0,86.0,57.0,0
devkitPro/nds-hb-menu,0,0,0,0,0,0,0,0,2,2.0,28307800,devkitPro/nds-hb-menu,https://github.com/devkitPro/nds-hb-menu,2014-12-21 17:58:30,C++,,88,17,88,5,174,devkitPro/nds-hb-menu,8.0,132651.0,5.0,5.0,167.0,5.0,3.0,8.0,0.0,4.0,4.0,0.0,3.0,296.0,82.0,85.0,59.0,85.0,67.0,0
jethrogb/ssltrace,10,0,0,0,0,0,0,0,15,10.0,12687449,jethrogb/ssltrace,https://github.com/jethrogb/ssltrace,2013-09-08 20:56:30,C++,,87,16,87,0,173,jethrogb/ssltrace,3.0,0.0,2.0,0.0,21.0,0.0,1.0,1.0,0.0,1.0,1.0,0.0,7.0,267.0,77.0,84.0,56.0,84.0,43.0,0
plstcharles/litiv,16,4,0,2,0,4,19,0,0,1.0,42379470,plstcharles/litiv,https://github.com/plstcharles/litiv,2015-09-13 01:30:11,C++,,86,27,86,5,172,plstcharles/litiv,9.0,0.0,2.0,0.0,1681.0,4.0,10.0,14.0,1.0,6.0,7.0,0.0,22.0,318.0,89.0,83.0,77.0,83.0,75.0,0
keegnotrub/coda-sass-plugin,0,0,0,0,0,3,3,0,0,0.0,16254302,keegnotrub/coda-sass-plugin,https://github.com/keegnotrub/coda-sass-plugin,2014-01-26 14:19:32,C++,,85,10,85,11,171,keegnotrub/coda-sass-plugin,3.0,8858.0,13.0,13.0,25.0,11.0,23.0,34.0,0.0,1.0,1.0,0.0,6.0,241.0,70.0,82.0,34.0,82.0,43.0,0
kei500/liblinear-ruby,7,1,0,0,0,0,1,0,21,11.0,14516097,kei500/liblinear-ruby,https://github.com/kei500/liblinear-ruby,2013-11-19 06:16:21,C++,,84,8,84,3,170,kei500/liblinear-ruby,5.0,0.0,2.0,0.0,98.0,3.0,2.0,5.0,0.0,6.0,6.0,0.0,11.0,260.0,76.0,81.0,27.0,81.0,71.0,0
lemire/dictionary,20,0,0,0,0,0,0,0,3,3.0,65499078,lemire/dictionary,https://github.com/lemire/dictionary,2016-08-11 20:20:58,C++,,83,9,83,0,169,lemire/dictionary,2.0,0.0,2.0,0.0,25.0,0.0,0.0,0.0,0.0,1.0,1.0,0.0,12.0,235.0,69.0,80.0,32.0,80.0,43.0,0
ropensci/rzmq,3,3,0,0,0,1,8,0,1,7.0,2472232,ropensci/rzmq,https://github.com/ropensci/rzmq,2011-09-28 02:11:59,C++,,82,30,82,10,168,ropensci/rzmq,8.0,0.0,2.0,0.0,174.0,6.0,21.0,27.0,4.0,27.0,31.0,0.0,10.0,335.0,92.0,79.0,81.0,79.0,96.0,0
plausiblelabs/plpatchmaster,0,0,0,0,0,0,1,0,0,0.0,16929027,plausiblelabs/plpatchmaster,https://github.com/plausiblelabs/plpatchmaster,2014-02-17 22:38:36,C++,,81,12,81,1,167,plausiblelabs/plpatchmaster,1.0,0.0,2.0,0.0,49.0,1.0,0.0,1.0,0.0,0.0,0.0,0.0,9.0,197.0,52.0,78.0,40.0,78.0,1.0,0
named-data-ndnSIM/ndnSIM,5,1,0,0,0,0,7,0,4,0.0,4522812,named-data-ndnSIM/ndnSIM,https://github.com/named-data-ndnSIM/ndnSIM,2012-06-01 18:24:44,C++,,80,149,80,48,166,named-data-ndnSIM/ndnSIM,46.0,0.0,2.0,0.0,1396.0,42.0,50.0,92.0,6.0,13.0,19.0,0.0,10.0,341.0,93.0,77.0,95.0,77.0,92.0,0
giddie/qt-cmake-template,29,0,0,0,0,0,0,0,18,4.0,5180928,giddie/qt-cmake-template,https://github.com/giddie/qt-cmake-template,2012-07-25 15:30:26,C++,,79,17,79,3,165,giddie/qt-cmake-template,2.0,0.0,2.0,0.0,28.0,2.0,1.0,3.0,1.0,0.0,1.0,0.0,6.0,254.0,73.0,76.0,59.0,76.0,43.0,0
RobertKrajewski/Sync-my-L2P,2,1,0,0,0,1,1,0,2,0.0,2853071,RobertKrajewski/Sync-my-L2P,https://github.com/RobertKrajewski/Sync-my-L2P,2011-11-25 23:03:03,C++,,78,26,78,26,164,RobertKrajewski/Sync-my-L2P,11.0,5984.0,8.0,84.0,320.0,26.0,98.0,124.0,0.0,46.0,46.0,0.0,11.0,327.0,91.0,75.0,75.0,75.0,102.0,0
EdgeApp/airbitz-core,8,1,0,0,0,0,2,0,1,0.0,26038745,EdgeApp/airbitz-core,https://github.com/EdgeApp/airbitz-core,2014-11-01 01:34:47,C++,,77,47,77,13,163,EdgeApp/airbitz-core,18.0,0.0,2.0,0.0,1944.0,10.0,11.0,21.0,3.0,6.0,9.0,0.0,20.0,317.0,87.0,74.0,90.0,74.0,79.0,0
Facepunch/gmad,0,0,0,0,0,1,1,1,8,0.0,7772684,Facepunch/gmad,https://github.com/Facepunch/gmad,2013-01-23 10:38:00,C++,,76,46,76,8,162,Facepunch/gmad,6.0,0.0,2.0,0.0,51.0,6.0,22.0,28.0,2.0,13.0,15.0,0.0,7.0,324.0,90.0,73.0,89.0,73.0,89.0,0
julapy/ofxQuadWarp,4,1,0,0,0,0,0,0,0,0.0,2167756,julapy/ofxQuadWarp,https://github.com/julapy/ofxQuadWarp,2011-08-07 06:25:03,C++,,75,34,75,3,161,julapy/ofxQuadWarp,8.0,0.0,2.0,0.0,51.0,1.0,1.0,2.0,2.0,7.0,9.0,0.0,4.0,306.0,84.0,72.0,83.0,72.0,79.0,0
albertoCrive/homographyTrackingDemo,5,0,0,0,0,0,0,0,0,0.0,27085545,albertoCrive/homographyTrackingDemo,https://github.com/albertoCrive/homographyTrackingDemo,2014-11-24 17:04:09,C++,,74,38,74,0,160,albertoCrive/homographyTrackingDemo,2.0,0.0,2.0,0.0,4.0,0.0,1.0,1.0,0.0,0.0,0.0,0.0,2.0,228.0,66.0,71.0,85.0,71.0,1.0,0
binnes/esp8266Workshop,0,0,0,0,0,0,2,0,0,0.0,129805797,binnes/esp8266Workshop,https://github.com/binnes/esp8266Workshop,2018-04-16 21:07:11,C++,,73,71,73,2,159,binnes/esp8266Workshop,8.0,0.0,2.0,0.0,210.0,2.0,4.0,6.0,0.0,11.0,11.0,0.0,10.0,317.0,87.0,70.0,93.0,70.0,84.0,0
giacomodabisias/libfreenect2pclgrabber,0,0,0,0,0,0,0,0,0,0.0,27546460,giacomodabisias/libfreenect2pclgrabber,https://github.com/giacomodabisias/libfreenect2pclgrabber,2014-12-04 15:23:38,C++,,72,29,72,4,158,giacomodabisias/libfreenect2pclgrabber,6.0,0.0,2.0,0.0,125.0,5.0,20.0,25.0,0.0,6.0,6.0,0.0,12.0,288.0,80.0,69.0,79.0,69.0,71.0,0
kalavaras/LibOVRWrapper,10,0,0,0,0,0,0,0,0,0.0,57395047,kalavaras/LibOVRWrapper,https://github.com/kalavaras/LibOVRWrapper,2016-04-29 15:36:28,C++,,71,8,71,1,157,kalavaras/LibOVRWrapper,2.0,26153.0,3.0,3.0,59.0,1.0,0.0,1.0,0.0,3.0,3.0,0.0,4.0,227.0,64.0,68.0,27.0,68.0,64.0,0
manykits/PHOENIXEngine,1,1,0,0,0,0,1,0,0,0.0,88232097,manykits/PHOENIXEngine,https://github.com/manykits/PHOENIXEngine,2017-04-14 04:12:57,C++,,70,23,70,2,156,manykits/PHOENIXEngine,1.0,0.0,2.0,0.0,2.0,2.0,0.0,2.0,0.0,0.0,0.0,0.0,1.0,203.0,56.0,67.0,68.0,67.0,1.0,0
odedstein/DevelopabilityOfTriangleMeshes,14,0,0,0,0,0,0,0,0,0.0,140735462,odedstein/DevelopabilityOfTriangleMeshes,https://github.com/odedstein/DevelopabilityOfTriangleMeshes,2018-07-12 15:58:34,C++,,69,16,69,3,155,odedstein/DevelopabilityOfTriangleMeshes,1.0,0.0,2.0,0.0,2.0,0.0,0.0,0.0,0.0,0.0,0.0,0.0,1.0,189.0,48.0,66.0,56.0,66.0,1.0,0
dqydj/PaperBack_EPaper_Display,21,1,0,0,0,0,2,0,1,0.0,93948409,dqydj/PaperBack_EPaper_Display,https://github.com/dqydj/PaperBack_EPaper_Display,2017-06-10 15:32:45,C++,,68,17,68,0,154,dqydj/PaperBack_EPaper_Display,4.0,0.0,2.0,0.0,30.0,0.0,1.0,1.0,0.0,4.0,4.0,0.0,7.0,256.0,74.0,65.0,59.0,65.0,67.0,0
loveblockchain/eosdice,0,0,0,0,0,0,0,0,0,0.0,155074164,loveblockchain/eosdice,https://github.com/loveblockchain/eosdice,2018-10-28 13:29:33,C++,,67,41,67,1,153,loveblockchain/eosdice,1.0,0.0,2.0,0.0,44.0,1.0,3.0,4.0,0.0,0.0,0.0,0.0,2.0,215.0,59.0,64.0,86.0,64.0,1.0,0
theypsilon/concat,0,1,0,0,0,0,1,0,7,8.5,21971922,theypsilon/concat,https://github.com/theypsilon/concat,2014-07-18 07:33:23,C++,,66,3,66,4,152,theypsilon/concat,2.0,0.0,2.0,0.0,96.0,4.0,1.0,5.0,0.0,1.0,1.0,0.0,25.0,178.0,43.0,63.0,9.0,63.0,43.0,0
qistoph/ArduinoAES256,0,0,0,0,0,0,0,0,0,0.0,1697649,qistoph/ArduinoAES256,https://github.com/qistoph/ArduinoAES256,2011-05-03 18:49:18,C++,,63,22,63,1,149,qistoph/ArduinoAES256,2.0,0.0,2.0,0.0,7.0,1.0,3.0,4.0,0.0,1.0,1.0,0.0,1.0,232.0,68.0,62.0,65.0,62.0,43.0,0
yechengxi/DBG2OLC,0,0,0,0,0,0,0,0,0,0.0,23664739,yechengxi/DBG2OLC,https://github.com/yechengxi/DBG2OLC,2014-09-04 14:03:18,C++,,62,28,62,4,148,yechengxi/DBG2OLC,8.0,0.0,2.0,0.0,75.0,5.0,62.0,67.0,0.0,13.0,13.0,0.0,30.0,286.0,79.0,61.0,78.0,61.0,86.0,0
jiapei100/VOSM,30,0,0,0,0,12,27,0,7,4.5,18732344,jiapei100/VOSM,https://github.com/jiapei100/VOSM,2014-04-13 15:27:58,C++,,61,33,61,1,147,jiapei100/VOSM,3.0,0.0,2.0,0.0,160.0,1.0,4.0,5.0,0.0,0.0,0.0,0.0,28.0,203.0,56.0,60.0,82.0,60.0,1.0,0
faustomilletari/3D-Caffe,4,1,0,0,0,3,10,0,0,0.0,61215528,faustomilletari/3D-Caffe,https://github.com/faustomilletari/3D-Caffe,2016-06-15 14:42:11,C++,,60,34,60,6,146,faustomilletari/3D-Caffe,2.0,0.0,2.0,0.0,4.0,6.0,3.0,9.0,0.0,0.0,0.0,0.0,1.0,202.0,54.0,59.0,83.0,59.0,1.0,0
TcT2k/wxPDFView,23,1,0,0,0,2,3,0,0,0.0,22506625,TcT2k/wxPDFView,https://github.com/TcT2k/wxPDFView,2014-08-01 11:22:44,C++,,59,24,59,7,145,TcT2k/wxPDFView,7.0,0.0,2.0,0.0,168.0,7.0,3.0,10.0,1.0,0.0,1.0,0.0,24.0,230.0,67.0,58.0,71.0,58.0,43.0,0
okcashpro/okcash-oldsrc-history,0,5,0,1,0,1,5,0,0,0.0,27096877,okcashpro/okcash-oldsrc-history,https://github.com/okcashpro/okcash-oldsrc-history,2014-11-24 21:53:07,C++,,58,61,58,1,144,okcashpro/okcash-oldsrc-history,10.0,185.0,15.0,74.0,177.0,1.0,5.0,6.0,0.0,10.0,10.0,0.0,28.0,289.0,81.0,57.0,92.0,57.0,83.0,0
danauclair/CardScan,0,0,0,0,0,0,0,0,0,0.0,1252468,danauclair/CardScan,https://github.com/danauclair/CardScan,2011-01-13 22:21:09,C++,,57,17,57,2,143,danauclair/CardScan,1.0,0.0,2.0,0.0,3.0,2.0,0.0,2.0,0.0,0.0,0.0,0.0,1.0,172.0,41.0,56.0,59.0,56.0,1.0,0
mattmcd/NaCl,4,0,0,0,0,0,0,0,0,0.0,14467688,mattmcd/NaCl,https://github.com/mattmcd/NaCl,2013-11-17 14:04:27,C++,,56,25,56,1,142,mattmcd/NaCl,3.0,0.0,2.0,0.0,119.0,1.0,4.0,5.0,0.0,1.0,1.0,0.0,4.0,227.0,64.0,55.0,74.0,55.0,43.0,0
NotGlop/SysExec,0,0,0,0,0,0,0,0,0,0.0,86440541,NotGlop/SysExec,https://github.com/NotGlop/SysExec,2017-03-28 09:24:31,C++,,55,24,55,0,141,NotGlop/SysExec,1.0,0.0,2.0,0.0,10.0,0.0,1.0,1.0,0.0,0.0,0.0,0.0,3.0,180.0,44.0,54.0,71.0,54.0,1.0,0
indutny/mmap.js,0,0,0,0,0,0,0,0,2,1.0,25092911,indutny/mmap.js,https://github.com/indutny/mmap.js,2014-10-11 19:50:07,C++,,54,11,54,7,140,indutny/mmap.js,4.0,0.0,2.0,0.0,18.0,5.0,3.0,8.0,2.0,5.0,7.0,1.0,2.0,219.0,60.0,53.0,38.0,53.0,75.0,0
elliotgoodrich/VariadicTemplateAlgorithms,0,1,0,0,0,0,2,0,2,3.0,29426202,elliotgoodrich/VariadicTemplateAlgorithms,https://github.com/elliotgoodrich/VariadicTemplateAlgorithms,2015-01-18 13:10:59,C++,,53,4,53,0,139,elliotgoodrich/VariadicTemplateAlgorithms,2.0,0.0,2.0,0.0,43.0,0.0,1.0,1.0,0.0,1.0,1.0,0.0,6.0,158.0,38.0,52.0,11.0,52.0,43.0,0
VIDA-NYU/TaxiVis,7,0,0,0,0,0,0,0,0,0.0,47225404,VIDA-NYU/TaxiVis,https://github.com/VIDA-NYU/TaxiVis,2015-12-02 00:07:18,C++,,52,14,52,1,138,VIDA-NYU/TaxiVis,2.0,0.0,2.0,0.0,7.0,1.0,0.0,1.0,0.0,0.0,0.0,0.0,2.0,153.0,35.0,51.0,50.0,51.0,1.0,0
chhshen/pedestrian-detection,7,1,0,0,0,0,2,0,2,2.0,27056295,chhshen/pedestrian-detection,https://github.com/chhshen/pedestrian-detection,2014-11-24 01:56:13,C++,,51,53,51,4,137,chhshen/pedestrian-detection,2.0,0.0,2.0,0.0,21.0,4.0,0.0,4.0,0.0,0.0,0.0,0.0,10.0,192.0,51.0,50.0,91.0,50.0,1.0,0
qcdong2016/QCEditor,12,0,0,0,0,1,3,0,0,3.0,32573557,qcdong2016/QCEditor,https://github.com/qcdong2016/QCEditor,2015-03-20 09:00:11,C++,,50,26,50,0,136,qcdong2016/QCEditor,1.0,0.0,2.0,0.0,80.0,0.0,2.0,2.0,0.0,0.0,0.0,0.0,22.0,174.0,42.0,49.0,75.0,49.0,1.0,0
qtumproject/x86lib,11,0,0,0,0,0,1,0,0,0.0,96190884,qtumproject/x86lib,https://github.com/qtumproject/x86lib,2017-07-04 07:50:48,C++,,49,14,49,1,135,qtumproject/x86lib,5.0,0.0,2.0,0.0,231.0,0.0,1.0,1.0,1.0,26.0,27.0,0.0,1.0,241.0,70.0,48.0,50.0,48.0,95.0,0
motoharu-gosuto/psvcd,133,12,0,0,0,0,0,0,0,0.0,65681419,motoharu-gosuto/psvcd,https://github.com/motoharu-gosuto/psvcd,2016-08-14 18:49:02,C++,,48,12,48,1,134,motoharu-gosuto/psvcd,2.0,0.0,2.0,0.0,41.0,0.0,0.0,0.0,1.0,1.0,2.0,0.0,24.0,191.0,49.0,47.0,40.0,47.0,57.0,0
to-miz/tm,0,0,0,0,0,2,3,0,0,0.0,61833352,to-miz/tm,https://github.com/to-miz/tm,2016-06-23 20:05:55,C++,,47,5,47,0,133,to-miz/tm,3.0,0.0,2.0,0.0,233.0,0.0,3.0,3.0,0.0,0.0,0.0,0.0,66.0,108.0,22.0,46.0,15.0,46.0,1.0,0
JonnyPtn/SFML-DOOM,0,1,0,0,0,0,1,0,0,1.0,56491417,JonnyPtn/SFML-DOOM,https://github.com/JonnyPtn/SFML-DOOM,2016-04-18 08:42:11,C++,,46,10,46,0,132,JonnyPtn/SFML-DOOM,6.0,11.0,2.0,6.0,278.0,0.0,5.0,5.0,0.0,4.0,4.0,0.0,9.0,191.0,49.0,45.0,34.0,45.0,67.0,0
CyanogenMod/android_device_htc_supersonic,0,0,0,0,0,0,0,0,0,0.0,769755,CyanogenMod/android_device_htc_supersonic,https://github.com/CyanogenMod/android_device_htc_supersonic,2010-07-12 04:20:21,C++,,45,24,45,0,131,CyanogenMod/android_device_htc_supersonic,3.0,0.0,2.0,0.0,116.0,0.0,0.0,0.0,0.0,1.0,1.0,0.0,1.0,202.0,54.0,44.0,71.0,44.0,43.0,0
simongeilfus/SpacePartitioning,0,0,0,0,0,0,0,0,5,6.5,48711075,simongeilfus/SpacePartitioning,https://github.com/simongeilfus/SpacePartitioning,2015-12-28 20:29:59,C++,,44,7,44,0,130,simongeilfus/SpacePartitioning,3.0,0.0,2.0,0.0,42.0,0.0,2.0,2.0,0.0,2.0,2.0,0.0,13.0,167.0,40.0,43.0,24.0,43.0,57.0,0
ikekonglp/PAD,0,0,0,0,0,0,0,0,0,10.0,32583066,ikekonglp/PAD,https://github.com/ikekonglp/PAD,2015-03-20 12:41:53,C++,,43,10,43,1,129,ikekonglp/PAD,1.0,0.0,2.0,0.0,14.0,1.0,0.0,1.0,0.0,0.0,0.0,0.0,9.0,119.0,27.0,42.0,34.0,42.0,1.0,0
FAKEFACTORY/CM2013,0,0,0,0,0,0,0,0,0,0.0,56299439,FAKEFACTORY/CM2013,https://github.com/FAKEFACTORY/CM2013,2016-04-15 07:13:53,C++,,42,14,42,4,128,FAKEFACTORY/CM2013,1.0,0.0,2.0,0.0,1.0,4.0,0.0,4.0,0.0,0.0,0.0,0.0,1.0,133.0,30.0,41.0,50.0,41.0,1.0,0
bioinfologics/w2rap-contigger,3,0,0,0,0,0,0,0,8,7.0,56691386,bioinfologics/w2rap-contigger,https://github.com/bioinfologics/w2rap-contigger,2016-04-20 13:56:16,C++,,41,12,41,17,127,bioinfologics/w2rap-contigger,6.0,0.0,2.0,0.0,212.0,17.0,26.0,43.0,0.0,8.0,8.0,0.0,7.0,198.0,53.0,40.0,40.0,40.0,78.0,0
freedib/lldbmi2,14,0,0,0,0,0,0,0,0,0.0,38399320,freedib/lldbmi2,https://github.com/freedib/lldbmi2,2015-07-01 22:58:38,C++,,40,13,40,2,126,freedib/lldbmi2,10.0,0.0,2.0,0.0,166.0,0.0,22.0,22.0,0.0,9.0,9.0,0.0,13.0,203.0,56.0,39.0,46.0,39.0,79.0,0
WojciechMula/simd-search,8,0,0,0,0,0,0,0,1,0.0,33620132,WojciechMula/simd-search,https://github.com/WojciechMula/simd-search,2015-04-08 16:59:58,C++,,39,12,39,1,125,WojciechMula/simd-search,2.0,0.0,2.0,0.0,12.0,1.0,0.0,1.0,0.0,1.0,1.0,0.0,2.0,159.0,39.0,38.0,40.0,38.0,43.0,0
wilda17/ESP8266-Google-Calendar-Arduino,0,0,0,0,0,0,0,0,0,0.0,60916976,wilda17/ESP8266-Google-Calendar-Arduino,https://github.com/wilda17/ESP8266-Google-Calendar-Arduino,2016-06-11 16:38:57,C++,,38,21,38,3,124,wilda17/ESP8266-Google-Calendar-Arduino,2.0,0.0,2.0,0.0,6.0,3.0,2.0,5.0,0.0,1.0,1.0,0.0,3.0,181.0,45.0,37.0,64.0,37.0,43.0,0
ProjectSkyfire/SkyFire_one,10,7,0,0,0,3,9,0,1,1.0,3764374,ProjectSkyfire/SkyFire_one,https://github.com/ProjectSkyfire/SkyFire_one,2012-03-19 14:08:49,C++,,37,42,37,0,123,ProjectSkyfire/SkyFire_one,23.0,0.0,2.0,0.0,1907.0,0.0,0.0,0.0,0.0,20.0,20.0,0.0,11.0,253.0,72.0,36.0,88.0,36.0,93.0,0
yunshouhu/InterviewQuestions,0,0,0,0,0,0,0,0,0,0.0,50809668,yunshouhu/InterviewQuestions,https://github.com/yunshouhu/InterviewQuestions,2016-02-01 02:57:05,C++,,36,29,36,0,122,yunshouhu/InterviewQuestions,1.0,0.0,2.0,0.0,2.0,0.0,0.0,0.0,0.0,0.0,0.0,0.0,2.0,150.0,33.0,35.0,79.0,35.0,1.0,0
moononournation/ATtinyWatch,0,2,0,0,0,0,0,0,0,0.0,49722384,moononournation/ATtinyWatch,https://github.com/moononournation/ATtinyWatch,2016-01-15 14:07:25,C++,,35,13,35,1,121,moononournation/ATtinyWatch,1.0,0.0,2.0,0.0,15.0,1.0,1.0,2.0,0.0,0.0,0.0,0.0,8.0,115.0,24.0,34.0,46.0,34.0,1.0,0
theintencity/py-webrtc,0,0,0,0,0,0,2,0,0,0.0,35835040,theintencity/py-webrtc,https://github.com/theintencity/py-webrtc,2015-05-18 18:26:22,C++,,34,15,34,0,120,theintencity/py-webrtc,2.0,0.0,2.0,0.0,4.0,0.0,0.0,0.0,0.0,0.0,0.0,0.0,1.0,121.0,28.0,33.0,54.0,33.0,1.0,0
ue4plugins/HoverPlugin,7,0,0,0,0,2,6,0,0,0.0,42074974,ue4plugins/HoverPlugin,https://github.com/ue4plugins/HoverPlugin,2015-09-07 21:17:02,C++,,33,14,33,0,119,ue4plugins/HoverPlugin,3.0,0.0,2.0,0.0,33.0,0.0,1.0,1.0,0.0,0.0,0.0,0.0,12.0,115.0,24.0,32.0,50.0,32.0,1.0,0
RafaelRiber/RetroWatch,9,2,0,0,0,4,10,0,0,0.0,60650155,RafaelRiber/RetroWatch,https://github.com/RafaelRiber/RetroWatch,2016-06-07 22:15:28,C++,,32,1,32,0,118,RafaelRiber/RetroWatch,1.0,0.0,2.0,0.0,56.0,0.0,2.0,2.0,0.0,0.0,0.0,0.0,34.0,67.0,16.0,31.0,4.0,31.0,1.0,0
caitp/TwitchSwitcher,8,0,0,0,0,2,3,0,1,0.0,66513841,caitp/TwitchSwitcher,https://github.com/caitp/TwitchSwitcher,2016-08-25 01:42:31,C++,,31,6,31,13,117,caitp/TwitchSwitcher,3.0,0.0,2.0,0.0,47.0,13.0,4.0,17.0,0.0,7.0,7.0,0.0,5.0,154.0,37.0,30.0,19.0,30.0,75.0,0
qlyoung/armory-keyboard,13,2,0,0,0,4,5,0,22,7.0,58830479,qlyoung/armory-keyboard,https://github.com/qlyoung/armory-keyboard,2016-05-14 21:06:00,C++,,29,11,29,2,115,qlyoung/armory-keyboard,4.0,0.0,2.0,0.0,97.0,2.0,3.0,5.0,0.0,2.0,2.0,0.0,29.0,153.0,35.0,29.0,38.0,29.0,57.0,0
the-martian-trajectory-app/trajectory,0,0,0,0,0,0,0,0,0,0.0,45354058,the-martian-trajectory-app/trajectory,https://github.com/the-martian-trajectory-app/trajectory,2015-11-01 19:23:53,C++,,28,6,28,0,114,the-martian-trajectory-app/trajectory,2.0,0.0,2.0,0.0,4.0,0.0,0.0,0.0,0.0,0.0,0.0,0.0,2.0,76.0,17.0,28.0,19.0,28.0,1.0,0
PlatformLab/PerfUtils,4,0,0,0,0,0,0,0,0,0.0,44414503,PlatformLab/PerfUtils,https://github.com/PlatformLab/PerfUtils,2015-10-16 22:41:27,C++,,27,13,27,3,113,PlatformLab/PerfUtils,11.0,0.0,2.0,0.0,96.0,2.0,3.0,5.0,1.0,10.0,11.0,0.0,2.0,184.0,46.0,27.0,46.0,27.0,84.0,0
simlrh/OSVR-fusion,0,1,0,0,0,1,3,0,1,0.0,62410294,simlrh/OSVR-fusion,https://github.com/simlrh/OSVR-fusion,2016-07-01 17:49:38,C++,,26,6,26,2,112,simlrh/OSVR-fusion,1.0,143.0,2.0,5.0,7.0,2.0,2.0,4.0,1.0,1.0,2.0,0.0,6.0,128.0,29.0,26.0,19.0,26.0,57.0,0
benhj/jasl,13,0,0,0,0,0,0,1,17,31.0,28279592,benhj/jasl,https://github.com/benhj/jasl,2014-12-20 21:27:46,C++,,25,1,25,7,111,benhj/jasl,2.0,0.0,2.0,0.0,441.0,7.0,32.0,39.0,0.0,0.0,0.0,0.0,70.0,55.0,12.0,25.0,4.0,25.0,1.0,0
neuleaf/faster-rcnn-cpu,28,0,0,0,0,7,12,0,12,16.0,58933187,neuleaf/faster-rcnn-cpu,https://github.com/neuleaf/faster-rcnn-cpu,2016-05-16 13:08:44,C++,,24,16,24,2,110,neuleaf/faster-rcnn-cpu,1.0,0.0,2.0,0.0,7.0,2.0,0.0,2.0,0.0,0.0,0.0,0.0,4.0,105.0,21.0,24.0,56.0,24.0,1.0,0
Psychlist1972/Windows-10-MIDI-Library,26,1,0,0,0,0,0,0,0,3.0,65437887,Psychlist1972/Windows-10-MIDI-Library,https://github.com/Psychlist1972/Windows-10-MIDI-Library,2016-08-11 04:14:43,C++,,23,4,23,4,109,Psychlist1972/Windows-10-MIDI-Library,1.0,0.0,2.0,0.0,53.0,4.0,0.0,4.0,0.0,0.0,0.0,0.0,32.0,58.0,13.0,23.0,11.0,23.0,1.0,0
yixuan/fontr,0,3,0,0,0,2,3,0,1,9.0,43249183,yixuan/fontr,https://github.com/yixuan/fontr,2015-09-27 14:16:17,C++,,22,2,22,0,108,yixuan/fontr,2.0,0.0,2.0,0.0,54.0,0.0,0.0,0.0,0.0,0.0,0.0,0.0,3.0,51.0,11.0,22.0,6.0,22.0,1.0,0
hasherezade/petya_green,3,0,0,0,0,0,0,0,0,0.0,59239304,hasherezade/petya_green,https://github.com/hasherezade/petya_green,2016-05-19 20:14:37,C++,,21,13,21,2,107,hasherezade/petya_green,2.0,0.0,2.0,0.0,9.0,2.0,0.0,2.0,0.0,0.0,0.0,0.0,1.0,89.0,20.0,21.0,46.0,21.0,1.0,0
arcadejust/MultiotpCPV2RDP,7,0,0,0,0,0,0,0,0,0.0,44408492,arcadejust/MultiotpCPV2RDP,https://github.com/arcadejust/MultiotpCPV2RDP,2015-10-16 20:19:55,C++,,20,22,20,3,106,arcadejust/MultiotpCPV2RDP,2.0,0.0,2.0,0.0,26.0,3.0,2.0,5.0,0.0,1.0,1.0,0.0,3.0,148.0,32.0,20.0,65.0,20.0,43.0,0
Ivanzgj/Algorithm,0,0,0,0,0,0,0,0,0,0.0,59632016,Ivanzgj/Algorithm,https://github.com/Ivanzgj/Algorithm,2016-05-25 04:56:58,C++,,19,8,19,0,105,Ivanzgj/Algorithm,2.0,0.0,2.0,0.0,37.0,0.0,0.0,0.0,0.0,0.0,0.0,0.0,18.0,66.0,15.0,19.0,27.0,19.0,1.0,0
ckmarkoh/AcrosticPoem-RNNPG,0,0,0,0,0,1,2,0,0,3.0,48807434,ckmarkoh/AcrosticPoem-RNNPG,https://github.com/ckmarkoh/AcrosticPoem-RNNPG,2015-12-30 15:42:28,C++,,18,7,18,0,104,ckmarkoh/AcrosticPoem-RNNPG,2.0,0.0,2.0,0.0,4.0,0.0,0.0,0.0,0.0,0.0,0.0,0.0,3.0,61.0,14.0,18.0,24.0,18.0,1.0,0
ruoso/u5e,28,0,0,0,0,0,0,0,0,0.0,42409164,ruoso/u5e,https://github.com/ruoso/u5e,2015-09-13 19:14:27,C++,,17,6,17,4,103,ruoso/u5e,4.0,0.0,2.0,0.0,145.0,4.0,1.0,5.0,0.0,2.0,2.0,0.0,27.0,110.0,23.0,17.0,19.0,17.0,57.0,0
dpjudas/UICore,14,0,0,0,0,0,0,0,0,0.0,42540008,dpjudas/UICore,https://github.com/dpjudas/UICore,2015-09-15 18:56:57,C++,,16,8,16,0,102,dpjudas/UICore,2.0,0.0,2.0,0.0,304.0,0.0,4.0,4.0,0.0,17.0,17.0,0.0,6.0,150.0,33.0,16.0,27.0,16.0,91.0,0
Tomash667/carpg,6,1,0,0,0,6,6,0,0,1.0,35481716,Tomash667/carpg,https://github.com/Tomash667/carpg,2015-05-12 10:28:19,C++,,15,15,15,153,101,Tomash667/carpg,7.0,0.0,2.0,0.0,877.0,153.0,245.0,398.0,0.0,45.0,45.0,2.0,6.0,185.0,47.0,15.0,54.0,15.0,101.0,0
ftsrg/BME-MODES3,14,2,0,0,0,2,4,0,10,0.0,43633849,ftsrg/BME-MODES3,https://github.com/ftsrg/BME-MODES3,2015-10-04 11:15:30,C++,,14,8,14,21,100,ftsrg/BME-MODES3,20.0,82.0,7.0,6.0,1327.0,18.0,100.0,118.0,2.0,13.0,15.0,3.0,44.0,144.0,31.0,14.0,27.0,14.0,89.0,0
CHADALAK1/WeaponEssentials4.6,0,0,0,0,0,0,0,0,0,0.0,42788833,CHADALAK1/WeaponEssentials4.6,https://github.com/CHADALAK1/WeaponEssentials4.6,2015-09-19 20:37:48,C++,,13,9,13,0,198,CHADALAK1/WeaponEssentials4.6,2.0,0.0,2.0,0.0,15.0,0.0,0.0,0.0,0.0,2.0,2.0,0.0,5.0,115.0,24.0,13.0,32.0,13.0,57.0,0
verybigdog/fdk-aac-ios,2,0,0,0,0,0,0,0,0,0.0,42629667,verybigdog/fdk-aac-ios,https://github.com/verybigdog/fdk-aac-ios,2015-09-17 02:29:56,C++,,12,6,12,0,197,verybigdog/fdk-aac-ios,2.0,0.0,2.0,0.0,2.0,0.0,0.0,0.0,0.0,0.0,0.0,0.0,1.0,44.0,10.0,12.0,19.0,12.0,1.0,0
filcuc/NimQtCreatorPlugin,11,0,0,0,0,0,0,0,0,0.0,35513981,filcuc/NimQtCreatorPlugin,https://github.com/filcuc/NimQtCreatorPlugin,2015-05-12 21:38:22,C++,,11,5,11,0,196,filcuc/NimQtCreatorPlugin,1.0,0.0,2.0,0.0,43.0,0.0,8.0,8.0,0.0,1.0,1.0,0.0,5.0,80.0,19.0,11.0,15.0,11.0,43.0,0
Goalsum/POD_STL,0,0,0,0,0,0,4,0,0,0.0,35341716,Goalsum/POD_STL,https://github.com/Goalsum/POD_STL,2015-05-09 19:16:20,C++,,10,5,10,0,195,Goalsum/POD_STL,1.0,0.0,2.0,0.0,76.0,0.0,0.0,0.0,0.0,0.0,0.0,0.0,3.0,36.0,9.0,10.0,15.0,10.0,1.0,0
lshw/18650,0,3,0,0,0,0,0,0,0,0.0,34934853,lshw/18650,https://github.com/lshw/18650,2015-05-02 03:53:04,C++,,9,2,9,2,194,lshw/18650,1.0,0.0,2.0,0.0,121.0,2.0,0.0,2.0,0.0,0.0,0.0,0.0,33.0,25.0,6.0,9.0,6.0,9.0,1.0,0
ivanfratric/libsubspace,11,0,0,0,0,0,0,0,0,0.0,34983313,ivanfratric/libsubspace,https://github.com/ivanfratric/libsubspace,2015-05-03 11:14:58,C++,,8,4,8,0,193,ivanfratric/libsubspace,2.0,0.0,2.0,0.0,5.0,0.0,1.0,1.0,0.0,0.0,0.0,0.0,2.0,28.0,7.0,8.0,11.0,8.0,1.0,0
Babygogogo/BabyWarsInCpp,16,1,0,0,0,1,1,0,0,0.0,44236641,Babygogogo/BabyWarsInCpp,https://github.com/Babygogogo/BabyWarsInCpp,2015-10-14 09:09:36,C++,,7,5,7,0,192,Babygogogo/BabyWarsInCpp,1.0,0.0,2.0,0.0,93.0,0.0,0.0,0.0,0.0,0.0,0.0,0.0,2.0,30.0,8.0,7.0,15.0,7.0,1.0,0
fuzzythecat/SBK-Interpreter,0,0,0,0,0,0,0,0,0,0.0,43296613,fuzzythecat/SBK-Interpreter,https://github.com/fuzzythecat/SBK-Interpreter,2015-09-28 11:14:54,C++,,6,0,6,3,191,fuzzythecat/SBK-Interpreter,2.0,0.0,2.0,0.0,29.0,3.0,2.0,5.0,0.0,3.0,3.0,0.0,7.0,77.0,18.0,6.0,1.0,6.0,64.0,0
zhs007/sanguo,0,0,0,0,0,1,2,0,0,3.0,35587790,zhs007/sanguo,https://github.com/zhs007/sanguo,2015-05-14 03:05:51,C++,,5,4,5,0,190,zhs007/sanguo,2.0,0.0,2.0,0.0,81.0,0.0,0.0,0.0,0.0,0.0,0.0,0.0,6.0,22.0,5.0,5.0,11.0,5.0,1.0,0
resibots/map_elites_hexapod,21,1,0,0,0,1,4,0,9,0.0,43072829,resibots/map_elites_hexapod,https://github.com/resibots/map_elites_hexapod,2015-09-24 14:44:22,C++,,4,2,4,1,189,resibots/map_elites_hexapod,3.0,0.0,2.0,0.0,11.0,0.0,0.0,0.0,0.0,0.0,0.0,0.0,8.0,15.0,3.0,4.0,6.0,4.0,1.0,0
emef/etcdclient,0,0,0,0,0,0,0,0,0,5.0,34935454,emef/etcdclient,https://github.com/emef/etcdclient,2015-05-02 04:21:54,C++,,3,3,3,0,188,emef/etcdclient,2.0,0.0,2.0,0.0,8.0,0.0,0.0,0.0,0.0,0.0,0.0,0.0,3.0,16.0,4.0,3.0,9.0,3.0,1.0,0
RobotClubKut/IntelligentRoboCon_ImageProc,0,0,0,0,0,0,0,0,0,0.0,34945198,RobotClubKut/IntelligentRoboCon_ImageProc,https://github.com/RobotClubKut/IntelligentRoboCon_ImageProc,2015-05-02 11:25:46,C++,,2,0,2,0,187,RobotClubKut/IntelligentRoboCon_ImageProc,1.0,0.0,2.0,0.0,7.0,0.0,0.0,0.0,0.0,0.0,0.0,0.0,1.0,6.0,2.0,2.0,1.0,2.0,1.0,0
rawalkhirodkar/Box2D,0,0,0,0,0,0,0,0,0,0.0,34946326,rawalkhirodkar/Box2D,https://github.com/rawalkhirodkar/Box2D,2015-05-02 12:06:49,C++,,1,0,1,0,186,rawalkhirodkar/Box2D,1.0,0.0,2.0,0.0,4.0,0.0,0.0,0.0,0.0,0.0,0.0,0.0,1.0,4.0,1.0,1.0,1.0,1.0,1.0,0
