Name,List,Image,Animation,Video,Table,Github,Links,Project,Inline,Code,repository_ID,fullname_x,URL,created_date,language,description,number_of_stars,num_of_forks,num_of_watchers,open_issue_count,repo_id,repository,fullname_y,open_prs,closed_prs,total_prs,community,downloads,releases,assets,commits,open_issues,closed_issues,total_issues,readme_issues,readme_commits,Rank,Rank_real,star_rank,fork_rank,watchers_rank,pullrequest_rank,label,days,community_score,assets_score,releases_score,commits_score,avg_assets_release,progress_score,popularity_score,prg_Label,comm_Label
arendst/Tasmota,56,16,0,0,0,15,33,0,1,0.0,80286288,arendst/Tasmota,https://github.com/arendst/Tasmota,28-01-2017 13:37,C,,16538,3635,16538,21,25,arendst/Tasmota,arendst/Tasmota,11,0,11,426,177565,30,810,14921,7,8459,8466,1,550,601,155,169,176,169,87,1,1862,0.2288,0.435016112,0.016111708,8.013426423,27.0,35.0295,601,1,0
php/php-src,4,4,0,0,0,1,17,0,11,0.0,1903522,php/php-src,https://github.com/php/php-src,16-06-2011 01:52,C,,32784,6949,32784,265,5,php/php-src,php/php-src,248,7604,7852,1334,0,0,0,127798,82,168,250,3,33,769,197,193,189,193,194,1,3915,0.3407,0.0,0.0,32.64316731,-1.0,31.6432,769,1,0
FFmpeg/FFmpeg,11,0,0,0,0,0,5,0,9,0.0,1614410,FFmpeg/FFmpeg,https://github.com/FFmpeg/FFmpeg,14-04-2011 14:12,C,,27167,8946,27167,3,8,FFmpeg/FFmpeg,FFmpeg/FFmpeg,1,373,374,2144,8154,11,9,105885,0,0,0,0,11,729,191,189,193,189,158,1,3978,0.539,0.002262443,0.002765209,26.61764706,0.818181818,27.4386,729,1,1
taosdata/TDengine,22,6,0,0,0,8,29,0,2,34.0,196353673,taosdata/TDengine,https://github.com/taosdata/TDengine,11-07-2019 08:33,C,,17376,4149,17376,467,19,taosdata/TDengine,taosdata/TDengine,12,7946,7958,260,0,30,0,23834,496,2060,2556,0,91,723,189,174,180,174,195,1,968,0.2686,0.0,0.030991736,24.62190083,0.0,24.6529,723,1,0
videolan/vlc,21,0,0,14,0,0,15,0,0,1.0,3299208,videolan/vlc,https://github.com/videolan/vlc,29-01-2012 19:30,C,,8285,2879,8285,2,72,videolan/vlc,videolan/vlc,0,118,118,1063,0,0,0,91885,0,0,0,0,3,527,125,115,164,115,133,1,3688,0.2882,0.0,0.0,24.91458785,-1.0,23.9146,527,1,0
openwrt/openwrt,17,1,0,1,0,4,15,0,7,1.0,45821540,openwrt/openwrt,https://github.com/openwrt/openwrt,09-11-2015 07:13,C,,10087,6506,10087,444,42,openwrt/openwrt,openwrt/openwrt,263,4596,4859,1092,0,1,0,53530,1437,3083,4520,0,11,663,173,142,188,142,191,1,2308,0.4731,0.0,0.000433276,23.1932409,0.0,23.1937,663,1,1
systemd/systemd,0,15,0,0,0,2,18,0,0,0.0,32873313,systemd/systemd,https://github.com/systemd/systemd,25-03-2015 15:27,C,,8761,2768,8761,1689,59,systemd/systemd,systemd/systemd,184,0,184,2288,0,30,0,56564,1572,6941,8513,4,45,557,135,125,163,125,144,1,2537,0.9019,0.0,0.01182499,22.29562475,0.0,22.3074,557,1,1
HandBrake/HandBrake,0,2,0,1,0,3,9,0,0,0.0,41215835,HandBrake/HandBrake,https://github.com/HandBrake/HandBrake,22-08-2015 16:32,C,,8917,863,8917,247,86,HandBrake/HandBrake,HandBrake/HandBrake,20,0,20,118,268917,30,405,11190,246,3130,3376,0,20,476,109,126,118,126,106,1,2387,0.0494,0.169669041,0.012568077,4.687892752,13.5,18.2005,476,1,0
PX4/NuttX,149,0,0,0,0,3,26,0,149,0.0,39532678,PX4/NuttX,https://github.com/PX4/NuttX,22-07-2015 22:06,C,,99,160,99,5,100,PX4/NuttX,PX4/NuttX,0,162,162,521,0,0,0,42212,4,13,17,0,13,440,103,100,100,100,140,1,2418,0.2155,0.0,0.0,17.45740281,-1.0,16.4574,440,1,0
SpacehuhnTech/esp8266_deauther,16,2,0,0,0,17,25,0,1,0.0,78281075,SpacehuhnTech/esp8266_deauther,https://github.com/SpacehuhnTech/esp8266_deauther,07-01-2017 13:39,C,,9261,2020,9261,67,62,SpacehuhnTech/esp8266_deauther,SpacehuhnTech/esp8266_deauther,3,125,128,60,318803,18,257,769,80,758,838,0,115,546,130,132,147,132,135,1,1883,0.0319,0.136484334,0.009559214,0.408390866,14.27777778,14.6957,546,1,0
borgbackup/borg,15,0,0,0,0,0,0,0,20,0.0,35517126,borgbackup/borg,https://github.com/borgbackup/borg,12-05-2015 23:10,C,,7752,595,7752,551,97,borgbackup/borg,borgbackup/borg,24,2999,3023,281,4636,30,360,6589,576,2766,3342,13,95,510,116,106,110,106,188,1,2489,0.1129,0.1446364,0.012053033,2.647247891,12.0,14.6593,510,1,0
mpv-player/mpv,40,1,0,0,0,4,7,0,17,0.0,6201092,mpv-player/mpv,https://github.com/mpv-player/mpv,13-10-2012 08:08,C,,16904,2087,16904,738,34,mpv-player/mpv,mpv-player/mpv,92,2435,2527,583,9224,30,2,49475,687,6552,7239,9,84,678,181,171,149,171,187,1,3430,0.17,0.00058309,0.008746356,14.42419825,0.066666667,14.4996,678,1,0
curl/curl,0,22,0,0,0,0,26,0,0,0.0,569041,curl/curl,https://github.com/curl/curl,18-03-2010 22:32,C,,22742,4761,22742,40,10,curl/curl,curl/curl,45,0,45,1086,43790,30,240,28334,19,3182,3201,1,37,671,177,186,181,186,118,1,4370,0.2485,0.054919908,0.006864989,6.48375286,8.0,14.4906,671,1,0
radareorg/radare2,29,13,0,0,0,9,27,2,7,2.0,4869294,radareorg/radare2,https://github.com/radareorg/radare2,03-07-2012 07:42,C,,15342,2591,15342,836,32,radareorg/radare2,radareorg/radare2,22,11383,11405,1000,2576,30,196,27472,818,7129,7947,0,140,691,183,167,159,167,198,1,3532,0.2831,0.055492639,0.008493771,7.778029445,6.533333333,14.3199,691,1,0
upx/upx,5,0,0,0,0,0,0,0,0,0.0,67031040,upx/upx,https://github.com/upx/upx,31-08-2016 11:23,C,,8399,918,8399,128,90,upx/upx,upx/upx,1,0,1,20,729580,7,85,3551,126,364,490,0,43,401,99,118,119,118,46,0,2012,0.0099,0.042246521,0.003479125,1.764910537,12.14285714,13.9112,401,1,0
jarun/nnn,109,10,1,0,0,28,57,0,14,0.0,66150122,jarun/nnn,https://github.com/jarun/nnn,20-08-2016 14:10,C,,13023,509,13023,1,52,jarun/nnn,jarun/nnn,1,540,541,151,2360,30,350,3872,2,757,759,1,900,593,154,161,105,161,166,1,2023,0.0746,0.173010381,0.014829461,1.913989125,11.66666667,13.5955,593,1,0
git/git,4,1,0,0,0,1,4,0,4,0.0,36502,git/git,https://github.com/git/git,23-07-2008 14:21,C,,40324,22576,40324,99,2,git/git,git/git,87,938,1025,2230,0,0,0,66077,0,0,0,0,19,763,195,195,197,195,176,1,4973,0.4484,0.0,0.0,13.28715061,-1.0,12.2872,763,1,1
postgres/postgres,0,0,0,0,0,0,0,0,0,0.0,927442,postgres/postgres,https://github.com/postgres/postgres,21-09-2010 11:35,C,,9272,3037,9272,0,49,postgres/postgres,postgres/postgres,1,77,78,53,0,0,0,53143,0,0,0,0,42,560,139,133,169,133,125,1,4183,0.0127,0.0,0.0,12.70451829,-1.0,11.7045,560,1,0
andlabs/libui,32,5,0,0,0,27,35,0,12,2.0,34088285,andlabs/libui,https://github.com/andlabs/libui,17-04-2015 00:35,C,,10099,604,10099,249,70,andlabs/libui,andlabs/libui,82,94,176,41,2172,7,65,3957,172,191,363,6,152,540,128,143,111,143,143,1,2514,0.0163,0.025855211,0.002784407,1.57398568,9.285714286,10.8625,540,1,0
Foundry376/Mailspring,2,4,0,0,0,9,20,0,0,3.0,70777180,Foundry376/Mailspring,https://github.com/Foundry376/Mailspring,13-10-2016 06:45,C,,11867,757,11867,8,51,Foundry376/Mailspring,Foundry376/Mailspring,4,218,222,239,75020,30,202,7389,3,2142,2145,2,141,580,153,159,114,159,148,1,1969,0.1214,0.102590147,0.01523616,3.752666328,6.733333333,10.5012,580,1,0
netdata/netdata,37,20,1,0,0,6,41,1,5,2.0,10744183,netdata/netdata,https://github.com/netdata/netdata,17-06-2013 18:39,C,,56950,5120,56950,267,4,netdata/netdata,netdata/netdata,91,5584,5675,575,435971,30,131,13491,183,6364,6547,0,290,771,198,197,184,197,193,1,3183,0.1806,0.041156142,0.009425071,4.238454288,4.366666667,8.6145,771,0,0
facebook/zstd,8,3,0,0,0,5,7,0,28,0.0,29759715,facebook/zstd,https://github.com/facebook/zstd,24-01-2015 00:22,C,,15916,1514,15916,83,41,facebook/zstd,facebook/zstd,19,0,19,281,1338197,30,148,9517,96,905,1001,2,82,577,151,168,136,168,105,1,2597,0.1082,0.056988833,0.011551791,3.664613015,4.933333333,8.6095,577,0,0
openssl/openssl,27,0,0,0,0,0,3,0,0,0.0,7634677,openssl/openssl,https://github.com/openssl/openssl,15-01-2013 22:34,C,,17062,7459,17062,1574,14,openssl/openssl,openssl/openssl,0,10604,10604,862,0,0,0,30993,1410,5498,6908,1,19,732,192,172,191,172,197,1,3336,0.2584,0.0,0.0,9.290467626,-1.0,8.2905,732,0,0
octalmage/robotjs,22,4,1,0,0,15,23,1,2,6.0,23515024,octalmage/robotjs,https://github.com/octalmage/robotjs,31-08-2014 14:13,C,,10679,788,10679,143,60,octalmage/robotjs,octalmage/robotjs,24,0,24,60,1479,30,241,651,129,419,548,0,101,520,121,148,116,148,108,1,2743,0.0219,0.087860007,0.01093693,0.237331389,8.033333333,8.2816,520,0,0
pbatard/rufus,19,8,0,0,0,10,18,0,1,0.0,2810292,pbatard/rufus,https://github.com/pbatard/rufus,19-11-2011 19:12,C,,16825,1739,16825,12,37,pbatard/rufus,pbatard/rufus,0,149,149,158,10878747,30,204,1876,13,1693,1706,3,35,619,161,170,141,170,138,1,3759,0.042,0.054269753,0.007980846,0.499068901,6.8,7.307,619,0,0
SoftEtherVPN/SoftEtherVPN,46,6,0,0,0,3,13,0,0,6.0,15583310,SoftEtherVPN/SoftEtherVPN,https://github.com/SoftEtherVPN/SoftEtherVPN,02-01-2014 12:40,C,,8505,2132,8505,220,76,SoftEtherVPN/SoftEtherVPN,SoftEtherVPN/SoftEtherVPN,8,646,654,113,219036,19,116,1648,189,670,859,0,38,559,136,119,151,119,170,1,2984,0.0379,0.038873995,0.006367292,0.55227882,6.105263158,6.6639,559,0,0
qmk/qmk_firmware,7,5,0,0,0,6,11,0,0,0.0,27737393,qmk/qmk_firmware,https://github.com/qmk/qmk_firmware,08-12-2014 22:02,C,,11072,23036,11072,783,29,qmk/qmk_firmware,qmk/qmk_firmware,399,13726,14125,2675,0,0,0,20155,465,1886,2351,0,116,703,185,153,198,153,199,1,2644,1.0117,0.0,0.0,7.622919818,-1.0,6.6229,703,0,1
raysan5/raylib,38,17,1,0,0,36,52,1,1,1.0,13836499,raysan5/raylib,https://github.com/raysan5/raylib,24-10-2013 15:46,C,,8084,959,8084,15,93,raysan5/raylib,raysan5/raylib,1,1074,1075,338,7181,19,89,5670,10,1126,1136,0,144,520,121,111,121,111,177,1,3054,0.1107,0.029142109,0.006221349,1.856581532,4.684210526,6.547,520,0,0
micropython/micropython,17,2,0,0,0,4,6,1,20,0.0,15337142,micropython/micropython,https://github.com/micropython/micropython,20-12-2013 11:47,C,,13380,4918,13380,1365,27,micropython/micropython,micropython/micropython,273,0,273,494,29809,12,24,13186,1142,2934,4076,2,86,663,173,164,183,164,152,1,2997,0.1648,0.008008008,0.004004004,4.399733066,2.0,6.4037,663,0,0
Genymobile/scrcpy,54,3,0,1,0,1,2,0,63,65.0,111583593,Genymobile/scrcpy,https://github.com/Genymobile/scrcpy,21-11-2017 18:00,C,,58323,6082,58323,861,3,Genymobile/scrcpy,Genymobile/scrcpy,26,264,290,110,370808,27,138,1762,921,1854,2775,7,263,737,193,198,187,198,154,1,1565,0.0703,0.088178914,0.017252396,1.125878594,5.111111111,6.2542,737,0,0
obsproject/obs-studio,12,0,0,0,0,0,4,6,3,0.0,13233158,obsproject/obs-studio,https://github.com/obsproject/obs-studio,01-10-2013 02:40,C,,33638,5385,33638,610,7,obsproject/obs-studio,obsproject/obs-studio,151,3741,3892,555,362213,30,83,10536,483,1501,1984,0,20,762,194,194,185,194,189,1,3077,0.1804,0.026974326,0.009749756,3.424114397,2.766666667,6.2005,762,0,0
emscripten-core/emscripten,0,2,0,0,0,1,10,0,2,0.0,1357796,emscripten-core/emscripten,https://github.com/emscripten-core/emscripten,12-02-2011 05:23,C,,21511,2700,21511,1099,20,emscripten-core/emscripten,emscripten-core/emscripten,235,8811,9046,743,0,1,0,23873,984,6249,7233,0,14,723,189,183,161,183,196,1,4039,0.184,0.0,0.000247586,5.910621441,0.0,5.9109,723,0,0
acidanthera/OpenCorePkg,37,2,0,0,0,14,22,2,1,0.0,179354282,acidanthera/OpenCorePkg,https://github.com/acidanthera/OpenCorePkg,03-04-2019 19:14,C,,8636,1521,8636,4,79,acidanthera/OpenCorePkg,acidanthera/OpenCorePkg,1,319,320,81,359568,30,62,4060,0,0,0,0,31,538,127,122,138,122,156,1,1067,0.0759,0.058106842,0.028116214,3.805060918,2.066666667,5.8998,538,0,0
stedolan/jq,0,6,0,0,0,2,12,0,10,0.0,5101141,stedolan/jq,https://github.com/stedolan/jq,18-07-2012 19:57,C,,20782,1232,20782,706,31,stedolan/jq,stedolan/jq,129,383,512,142,2418034,9,42,1340,605,1265,1870,2,22,657,168,182,129,182,164,1,3517,0.0404,0.011941996,0.002558999,0.38100654,4.666666667,5.0502,657,0,0
tmux/tmux,6,0,0,0,0,0,0,0,0,0.0,36836475,tmux/tmux,https://github.com/tmux/tmux,03-06-2015 23:32,C,,23232,1627,23232,32,24,tmux/tmux,tmux/tmux,2,460,462,49,1878844,30,32,9721,21,2614,2635,0,34,677,180,188,140,188,161,1,2467,0.0199,0.01297122,0.012160519,3.940413458,1.066666667,5.0192,677,0,0
glfw/glfw,131,3,0,0,0,10,23,0,63,0.0,9524997,glfw/glfw,https://github.com/glfw/glfw,18-04-2013 15:24,C,,8360,3228,8360,470,65,glfw/glfw,glfw/glfw,57,473,530,185,422650,17,58,4424,422,1080,1502,26,708,570,148,117,171,117,165,1,3243,0.057,0.017884675,0.00524206,1.364168979,3.411764706,4.7812,570,0,0
ish-app/ish,17,4,0,0,0,4,11,0,16,0.0,90320494,ish-app/ish,https://github.com/ish-app/ish,05-05-2017 00:10,C,,10924,585,10924,353,63,ish-app/ish,ish-app/ish,15,241,256,60,38,30,90,3005,369,971,1340,4,57,560,139,151,108,151,150,1,1765,0.034,0.050991501,0.016997167,1.702549575,3.0,4.7195,560,0,0
espressif/arduino-esp32,9,4,0,0,0,5,15,1,0,0.0,70127218,espressif/arduino-esp32,https://github.com/espressif/arduino-esp32,06-10-2016 06:04,C,,7682,4847,7682,339,78,espressif/arduino-esp32,espressif/arduino-esp32,39,1588,1627,522,1421752,30,114,1678,357,4384,4741,1,45,565,143,101,182,101,181,1,1976,0.2642,0.057692308,0.015182186,0.849190283,3.8,4.6644,565,0,0
swaywm/sway,11,0,0,0,0,0,0,0,4,0.0,40217904,swaywm/sway,https://github.com/swaywm/sway,05-08-2015 01:31,C,,9790,829,9790,620,71,swaywm/sway,swaywm/sway,103,0,103,471,7256,30,48,6887,550,3151,3701,2,153,525,124,139,117,139,130,1,2404,0.1959,0.019966722,0.012479201,2.864808652,1.6,4.4773,525,0,0
google/brotli,3,3,0,0,0,8,17,0,3,0.0,24993138,google/brotli,https://github.com/google/brotli,09-10-2014 14:35,C,,10622,1015,10622,85,56,google/brotli,google/brotli,10,0,10,91,8157,16,65,1042,69,257,326,3,35,501,113,147,122,147,85,1,2704,0.0337,0.024038462,0.00591716,0.38535503,4.0625,4.4538,501,0,0
hashcat/hashcat,8,1,0,0,0,2,6,1,4,1.0,47409672,hashcat/hashcat,https://github.com/hashcat/hashcat,04-12-2015 14:46,C,,10923,1867,10923,124,47,hashcat/hashcat,hashcat/hashcat,7,1559,1566,120,64516,23,14,8334,131,1487,1618,0,22,624,163,150,144,150,180,1,2283,0.0526,0.006132282,0.010074463,3.650459921,0.608695652,4.2692,624,0,0
coolsnowwolf/lede,24,4,0,0,0,0,3,0,4,5.0,102578345,coolsnowwolf/lede,https://github.com/coolsnowwolf/lede,06-09-2017 07:39,C,,18866,15686,18866,208,12,coolsnowwolf/lede,coolsnowwolf/lede,3,0,3,346,32313,2,3,4319,275,6048,6323,0,27,628,165,179,194,179,76,1,1641,0.2108,0.001828154,0.001218769,2.631931749,1.5,4.1332,628,0,0
Tencent/wcdb,55,5,0,0,0,5,7,0,43,10.0,90961634,Tencent/wcdb,https://github.com/Tencent/wcdb,11-05-2017 09:25,C,,9250,1224,9250,219,74,Tencent/wcdb,Tencent/wcdb,3,34,37,22,267,12,40,1070,224,589,813,1,44,504,114,131,128,131,114,1,1759,0.0125,0.022740193,0.006822058,0.608300171,3.333333333,3.9485,504,0,0
ventoy/Ventoy,28,6,0,0,0,1,31,0,2,0.0,246335987,ventoy/Ventoy,https://github.com/ventoy/Ventoy,10-03-2020 15:19,C,,28939,2157,28939,257,16,ventoy/Ventoy,ventoy/Ventoy,44,173,217,60,511899,30,87,623,257,902,1159,0,58,679,182,190,153,190,146,1,725,0.0828,0.12,0.04137931,0.859310345,2.9,3.8007,679,0,0
libgit2/libgit2,77,4,0,0,0,16,32,1,39,0.0,901662,libgit2/libgit2,https://github.com/libgit2/libgit2,10-09-2010 16:17,C,,8179,2153,8179,433,83,libgit2/libgit2,libgit2/libgit2,113,4150,4263,550,66497,30,10,14483,328,1536,1864,0,159,568,145,113,152,113,190,1,4194,0.1311,0.002384359,0.007153076,3.453266571,0.333333333,3.7938,568,0,0
lvgl/lvgl,49,2,1,0,0,6,38,0,0,2.0,60667730,lvgl/lvgl,https://github.com/lvgl/lvgl,08-06-2016 04:14,C,,8047,1599,8047,38,89,lvgl/lvgl,lvgl/lvgl,0,1209,1209,277,150,30,1,7829,35,1881,1916,1,171,537,126,110,139,110,178,1,2096,0.1322,0.000477099,0.014312977,3.735209924,0.033333333,3.7829,537,0,0
h2o/h2o,0,2,0,0,0,2,6,0,0,0.0,23029617,h2o/h2o,https://github.com/h2o/h2o,16-08-2014 23:59,C,,9670,758,9670,618,77,h2o/h2o,h2o/h2o,86,1628,1714,148,0,30,0,10025,539,688,1227,1,94,570,148,136,115,136,183,1,2758,0.0537,0.0,0.010877447,3.634880348,0.0,3.6458,570,0,0
iovisor/bcc,135,3,0,1,1,1,7,0,0,1.0,34921116,iovisor/bcc,https://github.com/iovisor/bcc,01-05-2015 19:52,C,,13072,2529,13072,649,38,iovisor/bcc,iovisor/bcc,82,2362,2444,534,13443,15,28,4091,608,837,1445,6,166,668,176,162,158,162,186,1,2500,0.2136,0.0112,0.006,1.6364,1.866666667,3.5091,668,0,0
davatorium/rofi,47,9,0,0,0,22,26,0,7,1.0,7715820,davatorium/rofi,https://github.com/davatorium/rofi,20-01-2013 11:54,C,,8325,437,8325,67,95,davatorium/rofi,davatorium/rofi,11,297,308,134,34480,30,61,3615,52,1056,1108,3,98,491,110,116,104,116,155,1,3331,0.0402,0.018312819,0.009006304,1.085259682,2.033333333,3.1276,491,0,0
darlinghq/darling,0,1,0,0,0,1,3,0,6,4.0,7077690,darlinghq/darling,https://github.com/darlinghq/darling,09-12-2012 10:31,C,,7922,328,7922,200,98,darlinghq/darling,darlinghq/darling,2,165,167,67,9197,8,16,3690,205,734,939,3,36,461,105,109,102,109,141,1,3373,0.0199,0.004743552,0.002371776,1.093981619,2.0,3.0964,461,0,0
jedisct1/libsodium,1,9,0,0,0,5,16,1,2,0.0,7710647,jedisct1/libsodium,https://github.com/jedisct1/libsodium,20-01-2013 00:03,C,,9737,1514,9737,3,61,jedisct1/libsodium,jedisct1/libsodium,0,329,329,131,8440902,30,50,4039,2,763,765,0,136,569,146,138,136,138,157,1,3331,0.0393,0.015010507,0.009006304,1.212548784,1.666666667,2.8882,569,0,0
timescale/timescaledb,26,1,0,0,0,11,35,1,4,2.0,84240850,timescale/timescaledb,https://github.com/timescale/timescaledb,07-03-2017 20:03,C,,12166,641,12166,372,50,timescale/timescaledb,timescale/timescaledb,16,2260,2276,82,4199,30,19,3192,382,1418,1800,1,87,617,159,160,112,160,185,1,1824,0.045,0.010416667,0.016447368,1.75,0.633333333,2.3998,617,0,0
yubo/ip_vs_ca,23,2,0,0,0,1,4,0,5,3.0,52423233,yubo/ip_vs_ca,https://github.com/yubo/ip_vs_ca,24-02-2016 07:31,C,,84,26,84,3,116,yubo/ip_vs_ca,yubo/ip_vs_ca,0,0,0,3,48,3,7,32,3,11,14,0,20,245,73,86,72,86,1,0,2201,0.0014,0.003180373,0.001363017,0.014538846,2.333333333,2.3492,245,0,0
redis/redis,52,0,0,0,0,0,1,0,89,1.0,156018,redis/redis,https://github.com/redis/redis,21-03-2009 22:32,C,,52099,20373,52099,2094,1,redis/redis,redis/redis,452,4509,4961,671,0,28,0,11000,1606,3676,5282,6,53,780,199,196,196,196,192,1,4732,0.1418,0.0,0.00591716,2.324598478,0.0,2.3305,780,0,0
xiph/opusfile,0,3,0,0,0,0,3,0,0,0.0,28172682,xiph/opusfile,https://github.com/xiph/opusfile,18-12-2014 07:15,C,,96,47,96,12,101,xiph/opusfile,xiph/opusfile,3,10,13,26,16019,6,12,457,8,9,17,0,6,376,97,97,93,97,89,0,2634,0.0099,0.004555809,0.002277904,0.17350038,2.0,2.1758,376,0,0
gentilkiwi/mimikatz,13,1,0,0,0,0,0,0,17,6.0,18496166,gentilkiwi/mimikatz,https://github.com/gentilkiwi/mimikatz,06-04-2014 18:30,C,,14504,2884,14504,126,30,gentilkiwi/mimikatz,gentilkiwi/mimikatz,25,22,47,7,40176,10,20,322,109,228,337,0,16,617,159,166,165,166,120,1,2890,0.0024,0.006920415,0.003460208,0.111418685,2.0,2.1149,617,0,0
koekeishiya/yabai,3,2,0,0,0,3,4,0,0,0.0,184909163,koekeishiya/yabai,https://github.com/koekeishiya/yabai,04-05-2019 15:00,C,,9597,346,9597,163,85,koekeishiya/yabai,koekeishiya/yabai,6,47,53,4,78149,30,30,1087,201,803,1004,3,33,495,111,135,103,135,122,1,1036,0.0039,0.028957529,0.028957529,1.049227799,1.0,2.0782,495,0,0
libevent/libevent,0,8,0,0,0,7,14,0,0,4.0,1856976,libevent/libevent,https://github.com/libevent/libevent,06-06-2011 21:42,C,,8177,2921,8177,133,75,libevent/libevent,libevent/libevent,0,468,468,273,3041140,18,14,4613,119,649,768,3,38,552,132,112,166,112,162,1,3925,0.0696,0.003566879,0.004585987,1.175286624,0.777777778,1.9577,552,0,0
jonas/tig,6,0,0,0,0,0,0,0,0,0.0,140656,jonas/tig,https://github.com/jonas/tig,01-03-2009 20:39,C,,10446,579,10446,199,69,jonas/tig,jonas/tig,23,431,454,186,78780,25,31,2732,162,559,721,1,15,559,136,146,107,146,160,1,4752,0.0391,0.006523569,0.005260943,0.574915825,1.24,1.8202,559,0,0
openresty/openresty,8,0,0,0,0,0,4,0,7,2.0,480080,openresty/openresty,https://github.com/openresty/openresty,20-01-2010 03:57,C,,10032,1332,10032,223,58,openresty/openresty,openresty/openresty,7,165,172,34,29931,13,18,1644,224,416,640,1,22,556,134,141,132,141,142,1,4427,0.0077,0.004065959,0.002936526,0.371357578,1.384615385,1.7589,556,0,0
Juniper/juise,0,0,0,0,0,2,2,0,0,0.0,10245331,Juniper/juise,https://github.com/Juniper/juise,23-05-2013 14:16,C,,50,14,50,14,154,Juniper/juise,Juniper/juise,0,12,12,14,1472,16,23,869,14,10,24,0,6,239,70,54,43,54,88,0,3208,0.0044,0.007169576,0.004987531,0.270885287,1.4375,1.7134,239,0,0
libuv/libuv,22,0,0,0,0,8,19,0,15,19.0,14812739,libuv/libuv,https://github.com/libuv/libuv,30-11-2013 00:29,C,,18531,2992,18531,152,22,libuv/libuv,libuv/libuv,62,1890,1952,537,0,3,0,4948,104,1315,1419,11,89,707,186,178,167,178,184,1,3017,0.178,0.0,0.000994365,1.640039775,0.0,1.641,707,0,0
DanieleDeSensi/peafowl,26,10,0,0,0,1,12,0,2,0.0,9239261,DanieleDeSensi/peafowl,https://github.com/DanieleDeSensi/peafowl,05-04-2013 10:56,C,,97,33,97,1,104,DanieleDeSensi/peafowl,DanieleDeSensi/peafowl,0,35,35,13,29,2,3,456,1,8,9,0,70,392,98,98,84,98,112,0,3256,0.004,0.000921376,0.000614251,0.14004914,1.5,1.6407,392,0,0
cesanta/mongoose,24,5,0,0,0,5,22,0,1,0.0,5414488,cesanta/mongoose,https://github.com/cesanta/mongoose,14-08-2012 15:09,C,,7706,2178,7706,6,88,cesanta/mongoose,cesanta/mongoose,5,405,410,142,3798,30,9,3655,2,1055,1057,0,247,521,123,104,154,104,159,1,3490,0.0407,0.002578797,0.008595989,1.047277937,0.3,1.3559,521,0,0
ailispaw/docker-root-xhyve,17,0,0,0,0,3,3,0,2,13.0,40382497,ailispaw/docker-root-xhyve,https://github.com/ailispaw/docker-root-xhyve,07-08-2015 21:56,C,,42,4,42,2,168,ailispaw/docker-root-xhyve,ailispaw/docker-root-xhyve,0,0,0,1,568,9,9,89,2,9,11,0,60,110,22,47,15,47,1,0,2402,0.0004,0.003746878,0.003746878,0.037052456,1.0,1.0408,110,0,0
atnan/QLPrettyPatch,2,1,0,0,0,2,3,0,4,0.0,14760455,atnan/QLPrettyPatch,https://github.com/atnan/QLPrettyPatch,27-11-2013 22:14,C,,83,4,83,1,137,atnan/QLPrettyPatch,atnan/QLPrettyPatch,1,0,1,1,89326,1,1,11,0,0,0,0,5,231,66,85,15,85,46,0,3020,0.0003,0.000331126,0.000331126,0.003642384,1.0,1.004,231,0,0
zephyrproject-rtos/meta-zephyr-sdk,0,1,0,0,0,0,1,1,0,2.0,61154171,zephyrproject-rtos/meta-zephyr-sdk,https://github.com/zephyrproject-rtos/meta-zephyr-sdk,14-06-2016 20:38,C,,45,28,45,4,143,zephyrproject-rtos/meta-zephyr-sdk,zephyrproject-rtos/meta-zephyr-sdk,0,35,35,9,45614,27,20,232,4,75,79,0,5,287,88,50,75,50,112,0,2090,0.0043,0.009569378,0.01291866,0.111004785,0.740740741,0.8647,287,0,0
go-delve/delve,11,4,0,0,0,1,4,0,0,0.0,19994257,go-delve/delve,https://github.com/go-delve/delve,20-05-2014 19:24,C,,17392,1760,17392,132,33,go-delve/delve,go-delve/delve,9,1531,1540,189,0,17,0,2214,105,1261,1366,4,88,671,177,175,142,175,179,1,2846,0.0664,0.0,0.005973296,0.777933942,0.0,0.7839,671,0,0
microsoft/react-native-code-push,50,3,0,1,0,14,30,0,46,14.0,36749153,microsoft/react-native-code-push,https://github.com/microsoft/react-native-code-push,02-06-2015 17:19,C,,7841,1222,7841,164,94,microsoft/react-native-code-push,microsoft/react-native-code-push,15,730,745,159,0,30,0,1733,43,1443,1486,6,421,515,120,108,127,108,172,1,2468,0.0644,0.0,0.012155592,0.702188006,0.0,0.7143,515,0,0
haiwen/seafile,39,1,0,0,0,4,10,0,0,0.0,4999959,haiwen/seafile,https://github.com/haiwen/seafile,12-07-2012 06:47,C,,9169,1367,9169,141,73,haiwen/seafile,haiwen/seafile,6,0,6,87,0,30,0,2238,154,1929,2083,1,53,470,107,129,133,129,79,1,3523,0.0247,0.0,0.00851547,0.635254045,0.0,0.6438,470,0,0
cloudwu/skynet,2,1,0,0,0,0,0,0,0,3.0,5254557,cloudwu/skynet,https://github.com/cloudwu/skynet,01-08-2012 03:30,C,,10764,3736,10764,12,40,cloudwu/skynet,cloudwu/skynet,5,0,5,123,0,30,0,2083,12,810,822,0,39,554,133,149,178,149,78,1,3503,0.0351,0.0,0.008564088,0.594633172,0.0,0.6032,554,0,0
twitter/twemproxy,102,1,0,0,0,19,59,0,8,0.0,3516624,twitter/twemproxy,https://github.com/twitter/twemproxy,22-02-2012 16:53,C,,11121,1952,11121,168,44,twitter/twemproxy,twitter/twemproxy,39,0,39,76,1658,5,2,602,133,281,414,6,108,570,148,154,146,154,116,1,3664,0.0207,0.000545852,0.001364629,0.16430131,0.4,0.5657,570,0,0
alibaba/tengine,21,1,0,0,0,3,7,1,0,0.0,3784017,alibaba/tengine,https://github.com/alibaba/tengine,21-03-2012 06:34,C,,11192,2388,11192,378,43,alibaba/tengine,alibaba/tengine,48,747,795,114,0,8,0,1525,345,465,810,0,23,638,166,155,155,155,173,1,3636,0.0314,0.0,0.00220022,0.419416942,0.0,0.4216,638,0,0
huangz1990/redis-3.0-annotated,2,0,0,0,0,0,0,0,62,0.0,21294600,huangz1990/redis-3.0-annotated,https://github.com/huangz1990/redis-3.0-annotated,28-06-2014 02:40,C,,8272,3717,8272,23,66,huangz1990/redis-3.0-annotated,huangz1990/redis-3.0-annotated,9,6,15,125,0,0,0,3933,16,10,26,0,16,497,112,114,177,114,92,1,2807,0.0445,0.0,0.0,1.401140007,-1.0,0.4011,497,0,0
antirez/disque,239,1,0,0,0,23,27,0,175,1.0,34676773,antirez/disque,https://github.com/antirez/disque,27-04-2015 16:06,C,,7823,547,7823,60,99,antirez/disque,antirez/disque,18,91,109,59,0,1,0,602,41,65,106,4,133,451,104,107,106,107,131,1,2504,0.0236,0.0,0.000399361,0.240415335,0.0,0.2408,451,0,0
fogleman/Craft,31,2,0,0,0,0,5,0,1,2.0,9330072,fogleman/Craft,https://github.com/fogleman/Craft,09-04-2013 19:47,C,,8945,1176,8945,110,82,fogleman/Craft,fogleman/Craft,39,88,127,18,0,1,0,753,72,78,150,0,46,513,117,127,125,127,134,1,3252,0.0055,0.0,0.000307503,0.231549815,0.0,0.2319,513,0,0
robertdavidgraham/masscan,41,1,0,0,0,0,2,0,75,1.0,11715753,robertdavidgraham/masscan,https://github.com/robertdavidgraham/masscan,28-07-2013 05:35,C,,18161,2612,18161,332,26,robertdavidgraham/masscan,robertdavidgraham/masscan,37,0,37,65,0,11,0,705,309,150,459,0,46,626,164,176,160,176,114,1,3142,0.0207,0.0,0.003500955,0.224379376,0.0,0.2279,626,0,0
julycoding/The-Art-Of-Programming-By-July,121,0,0,0,0,3,5,0,0,0.0,15183485,julycoding/The-Art-Of-Programming-By-July,https://github.com/julycoding/The-Art-Of-Programming-By-July,14-12-2013 10:00,C,,20161,7142,20161,67,11,julycoding/The-Art-Of-Programming-By-July,julycoding/The-Art-Of-Programming-By-July,21,0,21,120,0,0,0,3646,47,83,130,0,431,659,170,181,190,181,107,1,3003,0.04,0.0,0.0,1.214119214,-1.0,0.2141,659,0,0
irungentoo/toxcore,4,2,0,1,0,0,5,0,0,0.0,10894716,irungentoo/toxcore,https://github.com/irungentoo/toxcore,24-06-2013 00:12,C,,8666,1274,8666,97,84,irungentoo/toxcore,irungentoo/toxcore,7,849,856,221,0,0,0,3771,90,554,644,2,95,551,131,123,130,123,175,1,3176,0.0696,0.0,0.0,1.187342569,-1.0,0.1873,551,0,0
allinurl/goaccess,61,3,0,0,0,6,17,0,25,0.0,11397939,allinurl/goaccess,https://github.com/allinurl/goaccess,14-07-2013 03:42,C,,14041,948,14041,336,45,allinurl/goaccess,allinurl/goaccess,8,280,288,147,0,0,0,3701,342,1601,1943,2,335,603,157,165,120,165,153,1,3156,0.0466,0.0,0.0,1.172686946,-1.0,0.1727,603,0,0
JUMA-IO/STM32_Platform,17,1,0,0,0,1,16,0,10,0.0,49547764,JUMA-IO/STM32_Platform,https://github.com/JUMA-IO/STM32_Platform,13-01-2016 03:49,C,,90,69,90,4,105,JUMA-IO/STM32_Platform,JUMA-IO/STM32_Platform,0,93,93,17,0,7,0,261,4,7,11,0,19,407,100,91,97,91,128,1,2243,0.0076,0.0,0.00312082,0.116362015,0.0,0.1195,407,0,0
wireapp/cryptobox-c,10,0,0,0,0,12,20,0,50,0.0,47832811,wireapp/cryptobox-c,https://github.com/wireapp/cryptobox-c,11-12-2015 15:02,C,,28,17,28,2,165,wireapp/cryptobox-c,wireapp/cryptobox-c,0,18,18,17,0,6,0,213,2,0,2,0,17,202,54,27,51,27,97,0,2276,0.0075,0.0,0.002636204,0.093585237,0.0,0.0962,202,0,0
wireapp/cryptobox-c,10,0,0,0,0,12,20,0,50,0.0,47832811,wireapp/cryptobox-c,https://github.com/wireapp/cryptobox-c,11-12-2015 15:02,C,,28,17,28,2,166,wireapp/cryptobox-c,wireapp/cryptobox-c,0,18,18,17,0,6,0,213,2,0,2,0,17,202,54,27,51,27,97,0,2276,0.0075,0.0,0.002636204,0.093585237,0.0,0.0962,202,0,0
wireapp/cryptobox-c,10,0,0,0,0,12,20,0,50,0.0,47832811,wireapp/cryptobox-c,https://github.com/wireapp/cryptobox-c,11-12-2015 15:02,C,,28,17,28,2,165,wireapp/cryptobox-c,wireapp/cryptobox-c,0,18,18,17,0,6,0,213,2,0,2,0,17,202,54,27,51,27,97,0,2276,0.0075,0.0,0.002636204,0.093585237,0.0,0.0962,202,0,0
wireapp/cryptobox-c,10,0,0,0,0,12,20,0,50,0.0,47832811,wireapp/cryptobox-c,https://github.com/wireapp/cryptobox-c,11-12-2015 15:02,C,,28,17,28,2,166,wireapp/cryptobox-c,wireapp/cryptobox-c,0,18,18,17,0,6,0,213,2,0,2,0,17,202,54,27,51,27,97,0,2276,0.0075,0.0,0.002636204,0.093585237,0.0,0.0962,202,0,0
wireapp/cryptobox-c,10,0,0,0,0,12,20,0,50,0.0,47832811,wireapp/cryptobox-c,https://github.com/wireapp/cryptobox-c,11-12-2015 15:02,C,,28,17,28,2,165,wireapp/cryptobox-c,wireapp/cryptobox-c,0,18,18,17,0,6,0,213,2,0,2,0,17,202,54,27,51,27,97,0,2276,0.0075,0.0,0.002636204,0.093585237,0.0,0.0962,202,0,0
wireapp/cryptobox-c,10,0,0,0,0,12,20,0,50,0.0,47832811,wireapp/cryptobox-c,https://github.com/wireapp/cryptobox-c,11-12-2015 15:02,C,,28,17,28,2,166,wireapp/cryptobox-c,wireapp/cryptobox-c,0,18,18,17,0,6,0,213,2,0,2,0,17,202,54,27,51,27,97,0,2276,0.0075,0.0,0.002636204,0.093585237,0.0,0.0962,202,0,0
wireapp/cryptobox-c,10,0,0,0,0,12,20,0,50,0.0,47832811,wireapp/cryptobox-c,https://github.com/wireapp/cryptobox-c,11-12-2015 15:02,C,,28,17,28,2,165,wireapp/cryptobox-c,wireapp/cryptobox-c,0,18,18,17,0,6,0,213,2,0,2,0,17,202,54,27,51,27,97,0,2276,0.0075,0.0,0.002636204,0.093585237,0.0,0.0962,202,0,0
wireapp/cryptobox-c,10,0,0,0,0,12,20,0,50,0.0,47832811,wireapp/cryptobox-c,https://github.com/wireapp/cryptobox-c,11-12-2015 15:02,C,,28,17,28,2,166,wireapp/cryptobox-c,wireapp/cryptobox-c,0,18,18,17,0,6,0,213,2,0,2,0,17,202,54,27,51,27,97,0,2276,0.0075,0.0,0.002636204,0.093585237,0.0,0.0962,202,0,0
skywind3000/kcp,65,5,0,0,0,40,53,1,0,7.0,28515839,skywind3000/kcp,https://github.com/skywind3000/kcp,26-12-2014 16:46,C,,10408,2033,10408,133,48,skywind3000/kcp,skywind3000/kcp,13,44,57,28,0,4,0,219,133,158,291,0,113,561,141,145,148,145,123,1,2626,0.0107,0.0,0.001523229,0.083396801,0.0,0.0849,561,0,0
SamyPesse/How-to-Make-a-Computer-Operating-System,0,1,0,0,0,3,4,1,0,0.0,14807173,SamyPesse/How-to-Make-a-Computer-Operating-System,https://github.com/SamyPesse/How-to-Make-a-Computer-Operating-System,29-11-2013 17:36,C,,19634,3358,19634,83,15,SamyPesse/How-to-Make-a-Computer-Operating-System,SamyPesse/How-to-Make-a-Computer-Operating-System,39,55,94,40,0,1,0,243,44,27,71,1,34,664,175,180,175,180,129,1,3018,0.0133,0.0,0.000331345,0.080516899,0.0,0.0808,664,0,0
HomeBankCode/lena-its-tools,9,0,0,0,0,0,0,0,3,0.0,35401620,HomeBankCode/lena-its-tools,https://github.com/HomeBankCode/lena-its-tools,11-05-2015 04:12,C,,2,3,2,0,195,HomeBankCode/lena-its-tools,HomeBankCode/lena-its-tools,0,17,17,5,0,2,0,130,0,0,0,0,10,111,23,2,12,2,95,0,2490,0.002,0.0,0.000803213,0.052208835,0.0,0.053,111,0,0
open-power/capiflash,11,0,0,0,0,0,1,0,0,4.0,45078254,open-power/capiflash,https://github.com/open-power/capiflash,28-10-2015 00:19,C,,23,12,23,3,175,open-power/capiflash,open-power/capiflash,0,16,16,7,0,11,0,98,3,6,9,0,15,176,41,23,37,23,93,0,2320,0.003,0.0,0.004741379,0.042241379,0.0,0.047,176,0,0
dimitri/pgextwlist,10,1,0,0,0,0,2,0,33,0.0,2958353,dimitri/pgextwlist,https://github.com/dimitri/pgextwlist,11-12-2011 14:11,C,,86,31,86,5,111,dimitri/pgextwlist,dimitri/pgextwlist,2,23,25,17,0,4,0,102,4,17,21,4,13,369,96,88,83,88,110,0,3737,0.0045,0.0,0.001070377,0.027294621,0.0,0.0284,369,0,0
rebelbot/OptimizerLesson,0,0,0,0,0,0,0,0,0,0.0,43264120,rebelbot/OptimizerLesson,https://github.com/rebelbot/OptimizerLesson,27-09-2015 20:41,C,,7,5,7,0,190,rebelbot/OptimizerLesson,rebelbot/OptimizerLesson,0,2,2,2,0,2,0,7,0,0,0,0,1,100,20,7,20,7,66,0,2351,0.0009,0.0,0.000850702,0.002977456,0.0,0.0038,100,0,0
WetDesertRock/GifCat,5,1,2,0,0,1,1,0,16,3.0,61999967,WetDesertRock/GifCat,https://github.com/WetDesertRock/GifCat,26-06-2016 17:20,C,,36,5,36,4,173,WetDesertRock/GifCat,WetDesertRock/GifCat,0,2,2,2,0,1,0,6,4,0,4,0,6,170,40,42,20,42,66,0,2078,0.001,0.0,0.000481232,0.002887392,0.0,0.0034,170,0,0
openresty/lua-nginx-module,530,2,0,13,0,106,242,0,883,258.0,613829,openresty/lua-nginx-module,https://github.com/openresty/lua-nginx-module,16-04-2010 15:59,C,,9670,1901,9670,320,55,openresty/lua-nginx-module,openresty/lua-nginx-module,61,0,61,144,0,0,0,3731,237,958,1195,1,805,541,129,136,145,136,124,1,4341,0.0332,0.0,0.0,0.859479383,-1.0,-0.1405,541,0,0
bilibili/ijkplayer,67,2,0,3,0,7,21,0,0,9.0,10446890,bilibili/ijkplayer,https://github.com/bilibili/ijkplayer,03-06-2013 04:12,C,,29679,7673,29679,2694,6,bilibili/ijkplayer,bilibili/ijkplayer,59,162,221,62,0,0,0,2627,2658,2491,5149,0,178,721,188,191,192,191,147,1,3197,0.0194,0.0,0.0,0.821707851,-1.0,-0.1783,721,0,0
nothings/stb,5,0,0,0,0,2,2,0,0,0.0,20159867,nothings/stb,https://github.com/nothings/stb,25-05-2014 16:51,C,,17341,6075,17341,106,17,nothings/stb,nothings/stb,51,537,588,218,0,0,0,2126,78,593,671,2,177,700,184,173,186,173,168,1,2841,0.0767,0.0,0.0,0.748328054,-1.0,-0.2517,700,0,0
phpredis/phpredis,231,10,0,0,0,3,20,1,155,1.0,1482997,phpredis/phpredis,https://github.com/phpredis/phpredis,15-03-2011 14:40,C,,9183,2088,9183,143,64,phpredis/phpredis,phpredis/phpredis,17,615,632,176,0,0,0,2708,130,1308,1438,10,377,579,152,130,150,130,169,1,4008,0.0439,0.0,0.0,0.675648703,-1.0,-0.3244,579,0,0
vurtun/nuklear,26,8,2,0,0,13,16,0,3,3.0,32866454,vurtun/nuklear,https://github.com/vurtun/nuklear,25-03-2015 13:32,C,,13349,1114,13349,238,46,vurtun/nuklear,vurtun/nuklear,29,239,268,113,0,0,0,1712,207,451,658,1,258,601,155,163,124,163,151,1,2537,0.0445,0.0,0.0,0.674812771,-1.0,-0.3252,601,0,0
TheAlgorithms/C,7,12,0,0,0,9,20,0,1,0.0,63477515,TheAlgorithms/C,https://github.com/TheAlgorithms/C,16-07-2016 10:17,C,,11757,3089,11757,100,35,TheAlgorithms/C,TheAlgorithms/C,16,825,841,209,0,0,0,1379,2,81,83,0,74,660,171,158,170,158,174,1,2058,0.1016,0.0,0.0,0.670068027,-1.0,-0.3299,660,0,0
ggreer/the_silver_searcher,41,3,0,0,0,9,23,0,14,0.0,2810455,ggreer/the_silver_searcher,https://github.com/ggreer/the_silver_searcher,19-11-2011 19:50,C,,22958,1312,22958,503,28,ggreer/the_silver_searcher,ggreer/the_silver_searcher,0,552,552,250,0,0,0,2057,389,402,791,2,151,672,179,187,131,187,167,1,3759,0.0665,0.0,0.0,0.547220005,-1.0,-0.4528,672,0,0
noduino/noduino-sdk,8,6,0,0,0,0,6,0,0,1.0,45523551,noduino/noduino-sdk,https://github.com/noduino/noduino-sdk,04-11-2015 07:53,C,,62,18,62,7,135,noduino/noduino-sdk,noduino/noduino-sdk,0,0,0,5,0,0,0,1190,7,1,8,0,14,191,46,64,62,64,1,0,2313,0.0022,0.0,0.0,0.514483355,-1.0,-0.4855,191,0,0
torch/torch7,9,2,0,0,0,5,11,0,0,0.0,13677187,torch/torch7,https://github.com/torch/torch7,18-10-2013 12:13,C,,8671,2389,8671,291,67,torch/torch7,torch/torch7,15,492,507,167,0,0,0,1337,277,443,720,0,13,567,144,124,156,124,163,1,3060,0.0546,0.0,0.0,0.436928105,-1.0,-0.5631,567,0,0
mltframework/melted,0,0,0,0,0,0,0,0,0,0.0,4118689,mltframework/melted,https://github.com/mltframework/melted,23-04-2012 22:25,C,,35,25,35,1,159,mltframework/melted,mltframework/melted,0,1,1,11,0,0,0,1408,1,2,3,0,14,197,51,41,69,41,46,0,3603,0.0031,0.0,0.0,0.390785457,-1.0,-0.6092,197,0,0
memcached/memcached,4,0,0,0,0,0,0,0,0,0.0,184981,memcached/memcached,https://github.com/memcached/memcached,24-04-2009 23:34,C,,11384,3023,11384,67,39,memcached/memcached,memcached/memcached,13,0,13,241,0,0,0,1833,55,348,403,0,13,569,146,156,168,156,89,1,4698,0.0513,0.0,0.0,0.390166028,-1.0,-0.6098,569,0,0
squeaky-pl/japronto,14,3,0,0,0,3,7,1,0,1.0,72039072,squeaky-pl/japronto,https://github.com/squeaky-pl/japronto,26-10-2016 19:51,C,,8512,588,8512,89,92,squeaky-pl/japronto,squeaky-pl/japronto,8,31,39,24,0,0,0,736,83,62,145,0,26,465,106,120,109,120,116,1,1956,0.0123,0.0,0.0,0.376278119,-1.0,-0.6237,465,0,0
rsyslog/libfastjson,7,0,0,0,0,1,2,0,11,5.0,46425919,rsyslog/libfastjson,https://github.com/rsyslog/libfastjson,18-11-2015 14:59,C,,41,26,41,30,148,rsyslog/libfastjson,rsyslog/libfastjson,1,88,89,69,0,0,0,698,29,45,74,2,7,291,89,46,72,46,127,0,2299,0.03,0.0,0.0,0.303610265,-1.0,-0.6964,291,0,0
s-matyukevich/raspberry-pi-os,32,0,0,0,0,2,6,0,0,0.0,95133665,s-matyukevich/raspberry-pi-os,https://github.com/s-matyukevich/raspberry-pi-os,22-06-2017 16:09,C,,10975,1065,10975,47,53,s-matyukevich/raspberry-pi-os,s-matyukevich/raspberry-pi-os,4,135,139,59,0,0,0,498,45,60,105,0,41,563,142,152,123,152,136,1,1717,0.0344,0.0,0.0,0.290040769,-1.0,-0.71,563,0,0
arut/nginx-rtmp-module,16,0,0,0,0,1,1,0,1,0.0,3714900,arut/nginx-rtmp-module,https://github.com/arut/nginx-rtmp-module,14-03-2012 05:37,C,,11468,3249,11468,1053,36,arut/nginx-rtmp-module,arut/nginx-rtmp-module,83,63,146,15,0,0,0,958,982,526,1508,0,34,623,162,157,172,157,137,1,3643,0.0041,0.0,0.0,0.26297008,-1.0,-0.737,623,0,0
woltapp/blurhash,33,2,0,1,0,25,30,0,1,0.0,193885464,woltapp/blurhash,https://github.com/woltapp/blurhash,26-06-2019 10:45,C,,9841,220,9841,91,80,woltapp/blurhash,woltapp/blurhash,60,54,114,41,0,0,0,252,38,13,51,2,41,513,117,140,101,140,132,1,983,0.0417,0.0,0.0,0.256358087,-1.0,-0.7436,513,0,0
webview/webview,25,4,0,0,0,6,10,0,35,8.0,100781035,webview/webview,https://github.com/webview/webview,19-08-2017 08:26,C,,9155,719,9155,276,87,webview/webview,webview/webview,12,138,150,58,0,0,0,379,229,304,533,0,67,508,115,128,113,128,139,1,1659,0.035,0.0,0.0,0.228450874,-1.0,-0.7715,508,0,0
bubicn/bubichain-v3,7,3,0,0,0,0,1,0,0,0.0,101032683,bubicn/bubichain-v3,https://github.com/bubicn/bubichain-v3,22-08-2017 07:08,C,,91,57,91,5,106,bubicn/bubichain-v3,bubicn/bubichain-v3,0,0,0,17,0,0,0,278,5,0,5,0,7,280,84,92,95,92,1,0,1656,0.0103,0.0,0.0,0.167874396,-1.0,-0.8321,280,0,0
MerlijnWajer/tracy,6,0,0,0,0,0,0,0,0,0.0,4425397,MerlijnWajer/tracy,https://github.com/MerlijnWajer/tracy,23-05-2012 21:13,C,,72,21,72,13,124,MerlijnWajer/tracy,MerlijnWajer/tracy,1,0,1,10,0,0,0,596,12,33,45,0,10,260,78,74,66,74,46,0,3573,0.0028,0.0,0.0,0.166806605,-1.0,-0.8332,260,0,0
TobyGoodwin/pacc,0,0,0,0,0,0,0,0,0,0.0,34480158,TobyGoodwin/pacc,https://github.com/TobyGoodwin/pacc,23-04-2015 20:36,C,,34,4,34,0,174,TobyGoodwin/pacc,TobyGoodwin/pacc,0,1,1,11,0,0,0,412,0,0,0,0,8,141,30,40,15,40,46,0,2508,0.0044,0.0,0.0,0.164274322,-1.0,-0.8357,141,0,0
pjreddie/darknet,8,5,0,0,0,0,2,0,0,2.0,18666758,pjreddie/darknet,https://github.com/pjreddie/darknet,11-04-2014 07:59,C,,21845,18855,21845,1878,9,pjreddie/darknet,pjreddie/darknet,162,88,250,12,0,0,0,452,1740,526,2266,0,17,712,187,184,195,184,149,1,2885,0.0042,0.0,0.0,0.156672444,-1.0,-0.8433,712,0,0
PaulKlinger/cnn_card,0,1,0,1,0,6,7,1,0,0.0,295013360,PaulKlinger/cnn_card,https://github.com/PaulKlinger/cnn_card,12-09-2020 19:36,C,,76,2,76,0,144,PaulKlinger/cnn_card,PaulKlinger/cnn_card,0,0,0,1,0,0,0,65,0,0,0,0,4,166,37,78,9,78,1,0,539,0.0019,0.0,0.0,0.120593692,-1.0,-0.8794,166,0,0
wrtnode-sdk/openwrt,0,0,0,0,0,0,0,0,0,0.0,44854750,wrtnode-sdk/openwrt,https://github.com/wrtnode-sdk/openwrt,24-10-2015 06:15,C,,19,77,19,1,158,wrtnode-sdk/openwrt,wrtnode-sdk/openwrt,1,0,1,11,0,0,0,265,0,0,0,0,1,183,43,19,99,19,46,0,2324,0.0047,0.0,0.0,0.114027539,-1.0,-0.886,183,0,0
sooty1892/packet-pro,15,0,0,0,0,0,0,0,0,0.0,26928628,sooty1892/packet-pro,https://github.com/sooty1892/packet-pro,20-11-2014 19:40,C,,26,8,26,0,176,sooty1892/packet-pro,sooty1892/packet-pro,0,0,0,7,0,0,0,276,0,0,0,0,6,80,17,25,29,25,1,0,2662,0.0026,0.0,0.0,0.103681443,-1.0,-0.8963,80,0,0
happyfish100/fastdfs,0,0,0,0,0,1,1,0,0,0.0,11178512,happyfish100/fastdfs,https://github.com/happyfish100/fastdfs,04-07-2013 14:01,C,,7725,1836,7725,427,91,happyfish100/fastdfs,happyfish100/fastdfs,9,0,9,13,0,0,0,266,431,93,524,0,6,437,102,105,143,105,84,1,3166,0.0041,0.0,0.0,0.084017688,-1.0,-0.916,437,0,0
Awesome-HarmonyOS/HarmonyOS,38,6,0,2,0,2,5,0,7,0.0,201454051,Awesome-HarmonyOS/HarmonyOS,https://github.com/Awesome-HarmonyOS/HarmonyOS,09-08-2019 11:24,C,,18373,3319,18373,51,21,Awesome-HarmonyOS/HarmonyOS,Awesome-HarmonyOS/HarmonyOS,15,31,46,16,0,0,0,78,0,0,0,0,32,646,167,177,173,177,119,1,939,0.017,0.0,0.0,0.083067093,-1.0,-0.9169,646,0,0
psmoveservice/psmove-ue4,5,0,0,0,0,4,5,1,0,0.0,30721411,psmoveservice/psmove-ue4,https://github.com/psmoveservice/psmove-ue4,12-02-2015 20:12,C,,61,28,61,11,128,psmoveservice/psmove-ue4,psmoveservice/psmove-ue4,0,8,8,3,0,0,0,186,11,11,22,1,38,283,86,63,75,63,82,0,2578,0.0012,0.0,0.0,0.072148953,-1.0,-0.9279,283,0,0
apple/darwin-xnu,37,0,0,0,0,0,0,0,48,0.0,93205465,apple/darwin-xnu,https://github.com/apple/darwin-xnu,02-06-2017 21:33,C,,9466,1466,9466,0,68,apple/darwin-xnu,apple/darwin-xnu,1,28,29,1,0,0,0,123,0,0,0,0,9,514,119,134,135,134,111,1,1737,0.0006,0.0,0.0,0.070811744,-1.0,-0.9292,514,0,0
eldarkg/emdr1986x-std-per-lib,6,0,0,0,0,2,4,0,13,12.5,33415053,eldarkg/emdr1986x-std-per-lib,https://github.com/eldarkg/emdr1986x-std-per-lib,04-04-2015 18:09,C,,40,26,40,9,150,eldarkg/emdr1986x-std-per-lib,eldarkg/emdr1986x-std-per-lib,0,24,24,8,0,0,0,154,9,24,33,1,27,270,80,45,72,45,108,0,2527,0.0032,0.0,0.0,0.060941828,-1.0,-0.9391,270,0,0
cfenollosa/os-tutorial,27,0,0,0,0,0,4,0,2,0.0,24586308,cfenollosa/os-tutorial,https://github.com/cfenollosa/os-tutorial,29-09-2014 08:39,C,,22081,2715,22081,94,18,cfenollosa/os-tutorial,cfenollosa/os-tutorial,45,43,88,14,0,0,0,147,54,87,141,1,16,658,169,185,162,185,126,1,2714,0.0052,0.0,0.0,0.054163596,-1.0,-0.9458,658,0,0
postmodern/digest-crc,39,1,0,0,0,3,32,0,1,6.0,690914,postmodern/digest-crc,https://github.com/postmodern/digest-crc,28-05-2010 11:33,C,,78,28,78,3,117,postmodern/digest-crc,postmodern/digest-crc,0,0,0,8,0,0,0,229,4,18,22,0,50,236,68,80,75,80,1,0,4299,0.0019,0.0,0.0,0.053268202,-1.0,-0.9467,236,0,0
varnish/libvmod-curl,0,0,0,0,0,0,0,0,12,0.0,2147321,varnish/libvmod-curl,https://github.com/varnish/libvmod-curl,03-08-2011 07:48,C,,47,37,47,0,134,varnish/libvmod-curl,varnish/libvmod-curl,0,0,0,21,0,0,0,202,0,26,26,2,11,194,49,52,89,52,1,0,3867,0.0054,0.0,0.0,0.052236876,-1.0,-0.9478,194,0,0
markvanderloo/gower,0,5,0,0,0,0,8,0,0,3.0,60298191,markvanderloo/gower,https://github.com/markvanderloo/gower,02-06-2016 21:22,C,,27,2,27,7,182,markvanderloo/gower,markvanderloo/gower,0,2,2,3,0,0,0,96,5,11,16,1,11,127,26,26,9,26,66,0,2102,0.0014,0.0,0.0,0.04567079,-1.0,-0.9543,127,0,0
awailly/nrop,5,0,0,0,0,0,0,0,0,0.0,22061846,awailly/nrop,https://github.com/awailly/nrop,21-07-2014 11:29,C,,81,16,81,3,123,awailly/nrop,awailly/nrop,0,2,2,3,0,0,0,126,3,1,4,1,10,280,84,83,48,83,66,0,2784,0.0011,0.0,0.0,0.045258621,-1.0,-0.9547,280,0,0
mpatraw/butterfly,50,2,0,0,0,2,4,0,4,7.0,43098304,mpatraw/butterfly,https://github.com/mpatraw/butterfly,24-09-2015 23:23,C,,11,0,11,0,193,mpatraw/butterfly,mpatraw/butterfly,0,0,0,2,0,0,0,99,0,0,0,0,43,24,5,11,1,11,1,0,2354,0.0008,0.0,0.0,0.042056075,-1.0,-0.9579,24,0,0
wujr5/c-and-cpp-language-learning,36,0,0,0,0,0,0,0,0,4.0,42852991,wujr5/c-and-cpp-language-learning,https://github.com/wujr5/c-and-cpp-language-learning,21-09-2015 08:15,C,,68,33,68,46,122,wujr5/c-and-cpp-language-learning,wujr5/c-and-cpp-language-learning,0,1,1,3,0,0,0,92,46,2,48,0,45,270,80,70,84,70,46,0,2357,0.0013,0.0,0.0,0.039032669,-1.0,-0.961,270,0,0
drotiro/boxfs2,14,0,0,0,0,0,0,0,6,0.0,13951311,drotiro/boxfs2,https://github.com/drotiro/boxfs2,29-10-2013 09:22,C,,69,13,69,2,139,drotiro/boxfs2,drotiro/boxfs2,1,0,1,10,0,0,0,112,1,17,18,0,6,229,64,71,41,71,46,0,3049,0.0033,0.0,0.0,0.036733355,-1.0,-0.9633,229,0,0
xlab/netsed,3,0,0,0,0,0,0,0,0,0.0,40079325,xlab/netsed,https://github.com/xlab/netsed,02-08-2015 12:56,C,,49,12,49,0,157,xlab/netsed,xlab/netsed,0,2,2,7,0,0,0,84,0,0,0,0,13,209,63,53,37,53,66,0,2407,0.0029,0.0,0.0,0.034898214,-1.0,-0.9651,209,0,0
billyriantono/s2geometry-node,24,0,0,0,0,6,10,0,1,0.0,63592313,billyriantono/s2geometry-node,https://github.com/billyriantono/s2geometry-node,18-07-2016 10:11,C,,22,10,22,6,177,billyriantono/s2geometry-node,billyriantono/s2geometry-node,0,6,6,7,0,0,0,71,6,11,17,0,17,157,33,22,34,22,79,0,2056,0.0034,0.0,0.0,0.034533074,-1.0,-0.9655,157,0,0
nathan-osman/gimp-webp,5,2,0,0,0,0,1,0,3,0.0,37002634,nathan-osman/gimp-webp,https://github.com/nathan-osman/gimp-webp,07-06-2015 02:59,C,,63,7,63,7,145,nathan-osman/gimp-webp,nathan-osman/gimp-webp,1,6,7,7,0,0,0,83,6,3,9,0,9,238,69,65,27,65,81,0,2463,0.0028,0.0,0.0,0.033698741,-1.0,-0.9663,238,0,0
jamesmunns/nrf52dk-sys,0,0,0,0,0,0,6,0,8,7.0,86871700,jamesmunns/nrf52dk-sys,https://github.com/jamesmunns/nrf52dk-sys,01-04-2017 00:59,C,,85,18,85,2,120,jamesmunns/nrf52dk-sys,jamesmunns/nrf52dk-sys,0,8,8,3,0,0,0,57,1,7,8,0,6,318,91,87,62,87,82,0,1799,0.0017,0.0,0.0,0.031684269,-1.0,-0.9683,318,0,0
Jiantastic/c-to-mips-compiler,0,0,0,0,0,0,2,0,3,0.0,51071331,Jiantastic/c-to-mips-compiler,https://github.com/Jiantastic/c-to-mips-compiler,04-02-2016 11:23,C,,92,28,92,0,110,Jiantastic/c-to-mips-compiler,Jiantastic/c-to-mips-compiler,0,10,10,4,0,0,0,69,0,1,1,0,13,346,95,93,75,93,85,0,2221,0.0018,0.0,0.0,0.031067087,-1.0,-0.9689,346,0,0
joelgwebber/bench2d,44,1,0,0,2,0,2,0,11,0.0,2949224,joelgwebber/bench2d,https://github.com/joelgwebber/bench2d,09-12-2011 18:46,C,,66,40,66,1,121,joelgwebber/bench2d,joelgwebber/bench2d,0,17,17,15,0,0,0,115,1,3,4,0,12,323,93,68,92,68,95,0,3739,0.004,0.0,0.0,0.030756887,-1.0,-0.9692,323,0,0
xerub/ropc,8,0,0,0,0,0,0,0,0,0.0,43090438,xerub/ropc,https://github.com/xerub/ropc,24-09-2015 20:08,C,,67,14,67,0,140,xerub/ropc,xerub/ropc,0,0,0,1,0,0,0,70,0,1,1,0,3,182,42,69,43,69,1,0,2354,0.0004,0.0,0.0,0.029736619,-1.0,-0.9703,182,0,0
pts/pts-swiggle,4,0,0,0,0,0,1,0,0,0.0,44336674,pts/pts-swiggle,https://github.com/pts/pts-swiggle,15-10-2015 18:19,C,,8,1,8,0,194,pts/pts-swiggle,pts/pts-swiggle,0,0,0,1,0,0,0,63,0,0,0,0,1,20,4,8,3,8,1,0,2333,0.0004,0.0,0.0,0.027003858,-1.0,-0.973,20,0,0
pprett/bolt,11,0,0,0,0,0,0,0,2,0.0,268536,pprett/bolt,https://github.com/pprett/bolt,04-08-2009 09:19,C,,88,17,88,0,118,pprett/bolt,pprett/bolt,0,1,1,4,0,0,0,117,0,0,0,0,5,275,83,89,51,89,46,0,4596,0.0009,0.0,0.0,0.025456919,-1.0,-0.9745,275,0,0
promisechen/dpdk,10,0,0,0,0,0,1,0,2,0.0,44846729,promisechen/dpdk,https://github.com/promisechen/dpdk,24-10-2015 01:16,C,,39,28,39,1,147,promisechen/dpdk,promisechen/dpdk,0,0,0,3,0,0,0,54,1,0,1,0,19,164,36,44,75,44,1,0,2324,0.0013,0.0,0.0,0.0232358,-1.0,-0.9768,164,0,0
wg/wrk,0,0,0,0,0,0,1,0,0,0.0,3774328,wg/wrk,https://github.com/wg/wrk,20-03-2012 11:12,C,,30731,2526,30731,160,13,wg/wrk,wg/wrk,49,0,49,1,0,0,0,80,111,252,363,0,1,662,172,192,157,192,121,1,3637,0.0003,0.0,0.0,0.021996151,-1.0,-0.978,662,0,0
quetwo/as3-arduino-connector,7,0,0,0,0,0,0,0,0,2.0,32656542,quetwo/as3-arduino-connector,https://github.com/quetwo/as3-arduino-connector,22-03-2015 01:00,C,,43,21,43,15,153,quetwo/as3-arduino-connector,quetwo/as3-arduino-connector,0,0,0,3,0,0,0,52,15,21,36,0,1,163,35,48,66,48,1,0,2540,0.0012,0.0,0.0,0.020472441,-1.0,-0.9795,163,0,0
InfiniteSearchSpace/PyCl-Convergence,25,0,0,0,0,0,0,0,0,0.0,23007126,InfiniteSearchSpace/PyCl-Convergence,https://github.com/InfiniteSearchSpace/PyCl-Convergence,16-08-2014 00:37,C,,79,9,79,1,131,InfiniteSearchSpace/PyCl-Convergence,InfiniteSearchSpace/PyCl-Convergence,1,0,1,1,0,0,0,51,0,0,0,0,16,241,72,81,33,81,46,0,2758,0.0004,0.0,0.0,0.018491661,-1.0,-0.9815,241,0,0
PinkP4nther/Sutekh,5,0,0,0,0,0,0,0,0,0.0,137761357,PinkP4nther/Sutekh,https://github.com/PinkP4nther/Sutekh,18-06-2018 14:21,C,,65,25,65,0,129,PinkP4nther/Sutekh,PinkP4nther/Sutekh,0,1,1,1,0,0,0,21,0,0,0,0,12,249,75,67,69,67,46,0,1356,0.0007,0.0,0.0,0.015486726,-1.0,-0.9845,249,0,0
phplang/php-past,0,0,0,0,0,0,0,0,0,0.0,62119108,phplang/php-past,https://github.com/phplang/php-past,28-06-2016 07:19,C,,31,1,31,0,179,phplang/php-past,phplang/php-past,0,0,0,1,0,0,0,32,0,0,0,0,1,78,15,37,3,37,1,0,2076,0.0005,0.0,0.0,0.015414258,-1.0,-0.9846,78,0,0
hexsum/Mojo-StrawberryPerl,0,0,0,0,0,0,0,0,0,0.0,66075798,hexsum/Mojo-StrawberryPerl,https://github.com/hexsum/Mojo-StrawberryPerl,19-08-2016 10:51,C,,51,8,51,6,160,hexsum/Mojo-StrawberryPerl,hexsum/Mojo-StrawberryPerl,0,1,1,1,0,0,0,31,6,1,7,0,21,185,44,55,29,55,46,0,2024,0.0005,0.0,0.0,0.015316206,-1.0,-0.9847,185,0,0
tresacton/exploits,0,0,0,0,0,0,0,0,1,0.0,21442780,tresacton/exploits,https://github.com/tresacton/exploits,02-07-2014 22:47,C,,59,29,59,0,127,tresacton/exploits,tresacton/exploits,0,0,0,5,0,0,0,42,0,0,0,0,22,203,62,61,80,61,1,0,2803,0.0018,0.0,0.0,0.014983946,-1.0,-0.985,203,0,0
juce/sockproc,0,0,0,0,0,0,0,0,1,0.0,17886668,juce/sockproc,https://github.com/juce/sockproc,19-03-2014 00:09,C,,89,34,89,2,108,juce/sockproc,juce/sockproc,1,0,1,6,0,0,0,43,1,7,8,0,11,313,90,90,87,90,46,0,2908,0.0021,0.0,0.0,0.014786795,-1.0,-0.9852,313,0,0
pili-engineering/cpili,2,0,0,0,0,0,0,0,0,4.0,42533427,pili-engineering/cpili,https://github.com/pili-engineering/cpili,15-09-2015 16:57,C,,12,10,12,0,186,pili-engineering/cpili,pili-engineering/cpili,0,0,0,1,0,0,0,34,0,1,1,0,11,59,9,12,34,12,1,0,2363,0.0004,0.0,0.0,0.014388489,-1.0,-0.9856,59,0,0
laozi2/concurrent-tcp-client,2,0,0,0,0,0,0,0,0,0.0,48366319,laozi2/concurrent-tcp-client,https://github.com/laozi2/concurrent-tcp-client,21-12-2015 10:39,C,,20,6,20,0,181,laozi2/concurrent-tcp-client,laozi2/concurrent-tcp-client,0,0,0,2,0,0,0,32,0,0,0,0,12,65,12,20,24,20,1,0,2266,0.0009,0.0,0.0,0.014121801,-1.0,-0.9859,65,0,0
rigglemania/pysqlcipher3,11,0,0,0,0,0,0,0,4,0.0,30619345,rigglemania/pysqlcipher3,https://github.com/rigglemania/pysqlcipher3,10-02-2015 23:03,C,,95,29,95,9,107,rigglemania/pysqlcipher3,rigglemania/pysqlcipher3,1,0,1,5,0,0,0,33,8,10,18,0,10,318,91,96,80,96,46,0,2580,0.0019,0.0,0.0,0.012790698,-1.0,-0.9872,318,0,0
drawapp8/cantk-runtime,14,0,0,0,0,11,14,0,0,1.0,35484982,drawapp8/cantk-runtime,https://github.com/drawapp8/cantk-runtime,12-05-2015 11:49,C,,58,24,58,0,138,drawapp8/cantk-runtime,drawapp8/cantk-runtime,0,0,0,1,0,0,0,28,0,0,0,0,18,189,45,60,68,60,1,0,2489,0.0004,0.0,0.0,0.011249498,-1.0,-0.9888,189,0,0
fm4dd/viper,2,0,0,0,0,0,0,0,0,0.0,48040897,fm4dd/viper,https://github.com/fm4dd/viper,15-12-2015 12:16,C,,24,15,24,0,171,fm4dd/viper,fm4dd/viper,0,0,0,1,0,0,0,24,0,0,0,0,17,96,19,24,47,24,1,0,2272,0.0004,0.0,0.0,0.01056338,-1.0,-0.9894,96,0,0
moonpolysoft/cherly,7,0,0,0,0,0,0,0,0,0.0,134999,moonpolysoft/cherly,https://github.com/moonpolysoft/cherly,22-02-2009 23:00,C,,94,16,94,2,115,moonpolysoft/cherly,moonpolysoft/cherly,0,0,0,1,0,0,0,50,2,0,2,0,7,239,70,95,48,95,1,0,4759,0.0002,0.0,0.0,0.010506409,-1.0,-0.9895,239,0,0
EZLippi/Tinyhttpd,6,2,0,0,0,0,1,0,0,1.0,35930805,EZLippi/Tinyhttpd,https://github.com/EZLippi/Tinyhttpd,20-05-2015 06:44,C,,7685,3324,7685,24,81,EZLippi/Tinyhttpd,EZLippi/Tinyhttpd,7,9,16,7,0,0,0,25,18,20,38,0,10,473,108,103,174,103,93,1,2481,0.0028,0.0,0.0,0.010076582,-1.0,-0.9899,473,0,0
Lyq1st/chromeExtInstaller,0,0,0,0,0,0,0,0,2,0.0,34974669,Lyq1st/chromeExtInstaller,https://github.com/Lyq1st/chromeExtInstaller,03-05-2015 05:18,C,,15,13,15,1,178,Lyq1st/chromeExtInstaller,Lyq1st/chromeExtInstaller,0,0,0,1,0,0,0,24,1,1,2,0,7,72,13,15,41,15,1,0,2498,0.0004,0.0,0.0,0.009607686,-1.0,-0.9904,72,0,0
spaze/upc_keys-lambda,2,0,0,0,0,0,2,0,5,0.0,59505433,spaze/upc_keys-lambda,https://github.com/spaze/upc_keys-lambda,23-05-2016 17:45,C,,13,12,13,1,180,spaze/upc_keys-lambda,spaze/upc_keys-lambda,0,2,2,2,0,0,0,18,1,0,1,0,4,129,27,13,37,13,66,0,2112,0.0009,0.0,0.0,0.008522727,-1.0,-0.9915,129,0,0
toby20130333/qtquickqrencode,38,2,0,0,0,2,3,0,2,5.0,45458387,toby20130333/qtquickqrencode,https://github.com/toby20130333/qtquickqrencode,03-11-2015 10:14,C,,29,14,29,0,167,toby20130333/qtquickqrencode,toby20130333/qtquickqrencode,0,0,0,1,0,0,0,18,0,0,0,0,12,114,24,35,43,35,1,0,2314,0.0004,0.0,0.0,0.007778738,-1.0,-0.9922,114,0,0
socketpair/nltrace,0,0,0,0,0,0,0,0,0,0.0,5621856,socketpair/nltrace,https://github.com/socketpair/nltrace,30-08-2012 22:37,C,,70,11,70,2,141,socketpair/nltrace,socketpair/nltrace,0,2,2,3,0,0,0,27,2,0,2,0,1,246,74,72,36,72,66,0,3474,0.0009,0.0,0.0,0.007772021,-1.0,-0.9922,246,0,0
avs333/injector,0,0,0,0,0,0,0,0,7,0.0,44725455,avs333/injector,https://github.com/avs333/injector,22-10-2015 06:05,C,,38,17,38,1,162,avs333/injector,avs333/injector,0,0,0,1,0,0,0,18,1,0,1,0,5,138,29,43,51,43,1,0,2326,0.0004,0.0,0.0,0.007738607,-1.0,-0.9923,138,0,0
heltonWernik/OpenLuck,5,0,0,0,0,0,0,0,0,5.0,138506359,heltonWernik/OpenLuck,https://github.com/heltonWernik/OpenLuck,24-06-2018 18:36,C,,93,47,93,3,103,heltonWernik/OpenLuck,heltonWernik/OpenLuck,0,1,1,3,0,0,0,9,3,0,3,0,5,327,94,94,93,94,46,0,1350,0.0022,0.0,0.0,0.006666667,-1.0,-0.9933,327,0,0
bazad/launchd-portrep,0,0,0,0,0,0,0,0,20,1.0,118415497,bazad/launchd-portrep,https://github.com/bazad/launchd-portrep,22-01-2018 06:22,C,,53,4,53,0,163,bazad/launchd-portrep,bazad/launchd-portrep,0,0,0,1,0,0,0,10,0,0,0,0,4,130,28,57,15,57,1,0,1503,0.0007,0.0,0.0,0.00665336,-1.0,-0.9933,130,0,0
illuspas/SayHi,3,0,0,0,0,0,0,0,0,0.0,10141364,illuspas/SayHi,https://github.com/illuspas/SayHi,18-05-2013 13:00,C,,77,66,77,0,113,illuspas/SayHi,illuspas/SayHi,0,0,0,1,0,0,0,19,0,3,3,0,7,255,76,79,96,79,1,0,3213,0.0003,0.0,0.0,0.005913477,-1.0,-0.9941,255,0,0
TrilbyWhite/Leela,0,0,0,0,0,0,0,0,0,0.0,4487239,TrilbyWhite/Leela,https://github.com/TrilbyWhite/Leela,29-05-2012 20:35,C,,73,1,73,1,151,TrilbyWhite/Leela,TrilbyWhite/Leela,0,1,1,3,0,0,0,20,1,1,2,0,3,199,52,75,3,75,46,0,3567,0.0008,0.0,0.0,0.005606953,-1.0,-0.9944,199,0,0
starwing/lua-miniz,0,0,0,0,0,0,0,0,0,0.0,44051082,starwing/lua-miniz,https://github.com/starwing/lua-miniz,11-10-2015 12:22,C,,10,3,10,0,191,starwing/lua-miniz,starwing/lua-miniz,0,1,1,2,0,0,0,13,0,1,1,0,3,78,15,10,12,10,46,0,2337,0.0009,0.0,0.0,0.005562687,-1.0,-0.9944,78,0,0
hikdo/idevice,0,1,1,0,0,1,1,0,0,0.0,45178926,hikdo/idevice,https://github.com/hikdo/idevice,29-10-2015 11:28,C,,16,8,16,0,183,hikdo/idevice,hikdo/idevice,0,0,0,5,0,0,0,12,0,0,0,0,8,62,10,16,29,16,1,0,2319,0.0022,0.0,0.0,0.005174644,-1.0,-0.9948,62,0,0
lariodiniz/REFO,0,0,0,0,0,0,0,0,0,0.0,35342472,lariodiniz/REFO,https://github.com/lariodiniz/REFO,09-05-2015 19:40,C,,4,1,4,0,198,lariodiniz/REFO,lariodiniz/REFO,0,2,2,2,0,0,0,12,0,0,0,0,1,77,14,4,3,4,66,0,2492,0.0008,0.0,0.0,0.004815409,-1.0,-0.9952,77,0,0
dji-sdk/Manifold-Cam,14,1,0,0,0,1,1,0,7,1.0,45438741,dji-sdk/Manifold-Cam,https://github.com/dji-sdk/Manifold-Cam,03-11-2015 03:16,C,,32,25,32,11,161,dji-sdk/Manifold-Cam,dji-sdk/Manifold-Cam,1,0,1,5,0,0,0,11,10,7,17,0,7,191,46,38,69,38,46,0,2314,0.0022,0.0,0.0,0.004753673,-1.0,-0.9952,191,0,0
beebeeep/recent,0,0,0,0,0,0,0,0,0,0.0,35348465,beebeeep/recent,https://github.com/beebeeep/recent,09-05-2015 22:51,C,,6,1,6,0,196,beebeeep/recent,beebeeep/recent,0,0,0,3,0,0,0,11,0,0,0,0,2,16,3,6,3,6,1,0,2492,0.0012,0.0,0.0,0.004414125,-1.0,-0.9956,16,0,0
hvqzao/foolavc,2,0,0,0,0,3,3,2,3,1.0,60408156,hvqzao/foolavc,https://github.com/hvqzao/foolavc,04-06-2016 11:57,C,,98,33,98,0,102,hvqzao/foolavc,hvqzao/foolavc,0,0,0,1,0,0,0,9,0,1,1,0,7,283,86,99,84,99,1,0,2100,0.0005,0.0,0.0,0.004285714,-1.0,-0.9957,283,0,0
zhanghuicuc/ffmpeg_camera_streamer,0,0,0,0,0,0,0,0,0,0.0,41487878,zhanghuicuc/ffmpeg_camera_streamer,https://github.com/zhanghuicuc/ffmpeg_camera_streamer,27-08-2015 13:22,C,,80,71,80,1,109,zhanghuicuc/ffmpeg_camera_streamer,zhanghuicuc/ffmpeg_camera_streamer,0,0,0,1,0,0,0,10,1,0,1,0,7,263,79,82,98,82,1,0,2382,0.0004,0.0,0.0,0.004198153,-1.0,-0.9958,263,0,0
ieatlint/mslib,0,0,0,0,0,0,0,0,0,0.0,859438,ieatlint/mslib,https://github.com/ieatlint/mslib,24-08-2010 16:09,C,,75,17,75,4,125,ieatlint/mslib,ieatlint/mslib,2,0,2,1,0,0,0,17,2,0,2,0,3,271,82,77,51,77,66,0,4211,0.0002,0.0,0.0,0.004037046,-1.0,-0.996,271,0,0
nickgammon/MAX7219_Dot_Matrix,0,0,0,0,0,1,2,0,0,0.0,35528129,nickgammon/MAX7219_Dot_Matrix,https://github.com/nickgammon/MAX7219_Dot_Matrix,13-05-2015 04:25,C,,33,14,33,3,164,nickgammon/MAX7219_Dot_Matrix,nickgammon/MAX7219_Dot_Matrix,0,1,1,2,0,0,0,10,2,4,6,0,3,167,38,39,43,39,46,0,2488,0.0008,0.0,0.0,0.004019293,-1.0,-0.996,167,0,0
upring/virtdbg,0,0,0,0,0,0,0,0,0,0.0,38023105,upring/virtdbg,https://github.com/upring/virtdbg,25-06-2015 02:25,C,,71,34,71,0,119,upring/virtdbg,upring/virtdbg,0,0,0,1,0,0,0,9,0,0,0,0,2,234,67,73,87,73,1,0,2445,0.0004,0.0,0.0,0.003680982,-1.0,-0.9963,234,0,0
SwiftOnTheServer/CCurl,2,0,0,0,0,0,0,0,10,5.0,48454835,SwiftOnTheServer/CCurl,https://github.com/SwiftOnTheServer/CCurl,22-12-2015 21:29,C,,17,7,17,0,184,SwiftOnTheServer/CCurl,SwiftOnTheServer/CCurl,0,0,0,1,0,0,0,8,0,0,0,0,4,62,10,17,27,17,1,0,2265,0.0004,0.0,0.0,0.003532009,-1.0,-0.9965,62,0,0
bk2204/php-hash-dos,2,0,0,0,0,0,0,0,3,0.0,43464566,bk2204/php-hash-dos,https://github.com/bk2204/php-hash-dos,30-09-2015 23:05,C,,21,3,21,0,187,bk2204/php-hash-dos,bk2204/php-hash-dos,0,0,0,1,0,0,0,8,0,0,0,0,5,55,8,21,12,21,1,0,2348,0.0004,0.0,0.0,0.003407155,-1.0,-0.9966,55,0,0
friendlyarm/uboot_tiny4412,244,0,0,0,0,0,0,0,0,0.0,45292496,friendlyarm/uboot_tiny4412,https://github.com/friendlyarm/uboot_tiny4412,31-10-2015 07:10,C,,30,37,30,0,152,friendlyarm/uboot_tiny4412,friendlyarm/uboot_tiny4412,0,0,0,1,0,0,0,7,0,0,0,0,1,162,34,36,89,36,1,0,2317,0.0004,0.0,0.0,0.003021148,-1.0,-0.997,162,0,0
kolasa/fglrx-core-15.201,0,0,0,0,0,0,0,0,0,0.0,42597143,kolasa/fglrx-core-15.201,https://github.com/kolasa/fglrx-core-15.201,16-09-2015 15:49,C,,14,4,14,2,189,kolasa/fglrx-core-15.201,kolasa/fglrx-core-15.201,0,1,1,1,0,0,0,7,2,3,5,0,1,89,18,14,15,14,46,0,2362,0.0004,0.0,0.0,0.00296359,-1.0,-0.997,89,0,0
phdphuc/mac-a-mal,0,0,0,0,0,1,1,0,0,0.0,124896289,phdphuc/mac-a-mal,https://github.com/phdphuc/mac-a-mal,12-03-2018 13:49,C,,64,18,64,3,132,phdphuc/mac-a-mal,phdphuc/mac-a-mal,0,0,0,1,0,0,0,4,3,2,5,0,2,195,50,66,62,66,1,0,1454,0.0007,0.0,0.0,0.002751032,-1.0,-0.9972,195,0,0
JayKothari/uart_rtdm,0,0,0,0,0,0,0,0,0,0.0,35539614,JayKothari/uart_rtdm,https://github.com/JayKothari/uart_rtdm,13-05-2015 09:18,C,,5,1,5,0,197,JayKothari/uart_rtdm,JayKothari/uart_rtdm,0,0,0,1,0,0,0,6,0,0,0,0,2,14,2,5,3,5,1,0,2488,0.0004,0.0,0.0,0.002411576,-1.0,-0.9976,14,0,0
tangrs/usb-gba-multiboot,0,0,0,0,0,0,2,0,0,1.0,4923551,tangrs/usb-gba-multiboot,https://github.com/tangrs/usb-gba-multiboot,06-07-2012 11:16,C,,44,2,44,1,170,tangrs/usb-gba-multiboot,tangrs/usb-gba-multiboot,0,0,0,1,0,0,0,8,1,0,1,0,1,108,21,49,9,49,1,0,3529,0.0003,0.0,0.0,0.002266931,-1.0,-0.9977,108,0,0
ldthomas/apg-6.3,1,0,0,0,0,0,7,0,15,3.0,27552326,ldthomas/apg-6.3,https://github.com/ldthomas/apg-6.3,04-12-2014 17:46,C,,56,12,56,3,149,ldthomas/apg-6.3,ldthomas/apg-6.3,2,1,3,2,0,0,0,6,1,0,1,0,3,229,64,58,37,58,76,0,2648,0.0008,0.0,0.0,0.002265861,-1.0,-0.9977,229,0,0
OpenKore/grftool,15,0,0,0,0,0,0,0,0,0.0,43469679,OpenKore/grftool,https://github.com/OpenKore/grftool,01-10-2015 00:35,C,,3,5,3,0,192,OpenKore/grftool,OpenKore/grftool,0,0,0,1,0,0,0,5,0,0,0,0,1,27,6,3,20,3,1,0,2347,0.0004,0.0,0.0,0.002130379,-1.0,-0.9979,27,0,0
cesanta/polar,4,0,0,0,0,0,0,0,4,1.0,32697039,cesanta/polar,https://github.com/cesanta/polar,22-03-2015 21:43,C,,18,6,18,1,185,cesanta/polar,cesanta/polar,0,2,2,3,0,0,0,5,1,0,1,0,2,126,25,18,24,18,66,0,2540,0.0012,0.0,0.0,0.001968504,-1.0,-0.998,126,0,0
GRSource/Emoji,0,1,1,0,0,0,0,0,0,0.0,27986056,GRSource/Emoji,https://github.com/GRSource/Emoji,14-12-2014 06:37,C,,46,20,46,1,146,GRSource/Emoji,GRSource/Emoji,0,0,0,1,0,0,0,5,1,1,2,0,2,168,39,51,65,51,1,0,2638,0.0004,0.0,0.0,0.001895375,-1.0,-0.9981,168,0,0
CedricGuillemet/libProfiler,0,0,0,0,0,0,0,0,0,0.0,7294955,CedricGuillemet/libProfiler,https://github.com/CedricGuillemet/libProfiler,23-12-2012 13:00,C,,74,16,74,0,126,CedricGuillemet/libProfiler,CedricGuillemet/libProfiler,0,0,0,1,0,0,0,6,0,0,0,0,6,201,53,76,48,76,1,0,3359,0.0003,0.0,0.0,0.001786246,-1.0,-0.9982,201,0,0
vonj/snippets.org,0,0,0,0,0,0,0,0,0,0.0,7156462,vonj/snippets.org,https://github.com/vonj/snippets.org,13-12-2012 22:24,C,,82,37,82,0,112,vonj/snippets.org,vonj/snippets.org,0,0,0,3,0,0,0,5,0,0,0,0,3,258,77,84,89,84,1,0,3369,0.0009,0.0,0.0,0.00148412,-1.0,-0.9985,258,0,0
3gstudent/Bypass-Windows-AppLocker,0,0,0,0,0,0,0,0,0,0.0,49056745,3gstudent/Bypass-Windows-AppLocker,https://github.com/3gstudent/Bypass-Windows-AppLocker,05-01-2016 09:45,C,,52,29,52,0,133,3gstudent/Bypass-Windows-AppLocker,3gstudent/Bypass-Windows-AppLocker,0,0,0,1,0,0,0,3,0,0,0,0,1,193,48,56,80,56,1,0,2251,0.0004,0.0,0.0,0.001332741,-1.0,-0.9987,193,0,0
azaz12345/ShmDebug,4,0,0,0,0,0,0,0,0,0.0,35488203,azaz12345/ShmDebug,https://github.com/azaz12345/ShmDebug,12-05-2015 13:04,C,,1,0,1,0,199,azaz12345/ShmDebug,azaz12345/ShmDebug,0,0,0,1,0,0,0,3,0,0,0,0,2,4,1,1,1,1,1,0,2489,0.0004,0.0,0.0,0.001205303,-1.0,-0.9988,4,0,0
lqs/crabdb,0,0,0,0,0,0,0,0,2,0.0,9673988,lqs/crabdb,https://github.com/lqs/crabdb,25-04-2013 14:44,C,,60,5,60,0,155,lqs/crabdb,lqs/crabdb,0,0,0,1,0,0,0,3,0,0,0,0,2,145,32,62,20,62,1,0,3236,0.0003,0.0,0.0,0.00092707,-1.0,-0.9991,145,0,0
id-Software/DOOM,0,0,0,0,0,0,0,0,0,0.0,3319040,id-Software/DOOM,https://github.com/id-Software/DOOM,31-01-2012 21:28,C,,7682,1367,7682,5,96,id-Software/DOOM,id-Software/DOOM,4,9,13,1,0,0,0,3,0,0,0,0,1,424,101,101,133,101,89,1,3686,0.0003,0.0,0.0,0.00081389,-1.0,-0.9992,424,0,0
chrishulbert/friendly_launchpad,2,0,0,0,0,0,0,0,0,0.0,1449104,chrishulbert/friendly_launchpad,https://github.com/chrishulbert/friendly_launchpad,07-03-2011 07:16,C,,57,6,57,0,156,chrishulbert/friendly_launchpad,chrishulbert/friendly_launchpad,0,0,0,1,0,0,0,2,0,0,0,0,2,143,31,59,24,59,1,0,4016,0.0002,0.0,0.0,0.000498008,-1.0,-0.9995,143,0,0
